query,view,goal_blind_mbu,forward_match_mbu,base_mbu,text_mbu,vcdesign_ced_mbu,ced_minus_base,ced_minus_text,base_hvhit_10,base_hvhit_20,base_hvhit_50,text_hvhit_10,text_hvhit_20,text_hvhit_50,vcdesign_ced_hvhit_10,vcdesign_ced_hvhit_20,vcdesign_ced_hvhit_50,owning_section
COX8A,0,-0.7439166401478149,0.1714900738186125,-0.06631485064965907,0.11257894334571256,0.061394273343215684,0.12770912399287476,-0.05118467000249687,1.0,1.0,2.0,1.0,1.0,1.0,0.0,1.0,4.0,sec:heldout
PACS2,0,0.40775705496858944,0.06504789228986098,0.4279240013182252,0.30140570718211407,0.3714352672362771,-0.0564887340819481,0.07002956005416305,5.0,9.0,11.0,2.0,5.0,7.0,3.0,7.0,12.0,sec:heldout
HIRIP3,0,0.04657997458515556,-0.0006874112484245848,0.11828729426455505,0.03182429493478884,0.10312931191574141,-0.015157982348813631,0.07130501698095257,1.0,2.0,7.0,0.0,2.0,6.0,1.0,3.0,4.0,sec:heldout
TCF15,0,-0.23966607756036296,0.10595721574583822,-0.05811988248866783,-0.19488027424063362,-0.07183469003520401,-0.01371480754653618,0.1230455842054296,0.0,1.0,7.0,0.0,0.0,1.0,0.0,1.0,2.0,sec:heldout
TAB2,0,-0.1321456210893658,0.08452025653042759,0.1777396214986501,-0.01948455669711807,0.2310799943023698,0.0533403728037197,0.2505645509994879,2.0,2.0,4.0,1.0,2.0,3.0,3.0,5.0,7.0,sec:heldout
SMTN,0,0.198861160513183,0.039440921406675905,0.31908438181684046,0.09367121436421864,0.240892127239729,-0.07819225457711146,0.14722091287551037,3.0,3.0,5.0,0.0,4.0,7.0,3.0,3.0,6.0,sec:heldout
THOP1,0,-0.0667870914494028,-0.010735660064954924,-0.27666918055093476,-0.19393945604563467,-0.16708220646060581,0.10958697409032894,0.02685724958502886,0.0,0.0,4.0,1.0,1.0,3.0,1.0,1.0,2.0,sec:heldout
RAB28,0,0.3546920813957995,0.026664940711539842,0.23052004253980604,0.33142129110214497,0.1665940875331072,-0.06392595500669884,-0.16482720356903777,4.0,5.0,6.0,2.0,4.0,7.0,2.0,4.0,5.0,sec:heldout
COMTD1,0,-0.14844977351539926,0.07429979257823825,-0.0011175716146911892,-0.05283259405081794,0.02631036493606324,0.027427936550754428,0.07914295898688117,0.0,0.0,1.0,0.0,0.0,1.0,0.0,0.0,1.0,sec:heldout
SYNCRIP,0,0.424806231619791,0.4381917774413946,0.6394629671316174,0.5889903629968746,0.6434335178317669,0.003970550700149511,0.05444315483489237,10.0,16.0,22.0,9.0,14.0,20.0,9.0,18.0,27.0,sec:heldout
POP4,0,0.2869993889869714,0.7204501860138924,0.6520285335388943,0.6107178348904464,0.7342050893372578,0.08217655579836347,0.12348725444681141,9.0,16.0,17.0,9.0,14.0,15.0,10.0,18.0,25.0,sec:heldout
TPI1,0,0.31329569247538863,0.3344300229185264,0.47112469376749844,0.502176651375733,0.558539780567019,0.08741508679952059,0.056363129191286054,4.0,7.0,10.0,4.0,5.0,7.0,5.0,10.0,22.0,sec:heldout
HNRNPDL,0,0.22688102478526695,0.24046523674238804,0.4218059219901978,0.4656330752147029,0.45284991056952323,0.031043988579325443,-0.012783164645179645,7.0,12.0,16.0,8.0,11.0,15.0,7.0,12.0,17.0,sec:heldout
NELFA,0,0.1683499153144341,0.13379406143228606,0.4501639171140261,0.3145539303362019,0.43387443354420435,-0.01628948356982174,0.11932050320800247,5.0,9.0,16.0,5.0,7.0,10.0,4.0,9.0,15.0,sec:heldout
VPS29,0,0.2981774527362357,0.07304245006109848,0.457642431282499,0.5265985911585265,0.4754914092240421,0.01784897794154311,-0.05110718193448438,6.0,8.0,12.0,6.0,10.0,13.0,5.0,10.0,16.0,sec:heldout
ZNF780A,0,-0.10921163045045001,0.04138928767053566,-0.009333281016841367,0.10800983621030785,0.0561166081120035,0.06544988912884486,-0.05189322809830435,0.0,0.0,2.0,0.0,1.0,1.0,0.0,0.0,0.0,sec:heldout
BUD23,0,0.21125232771112498,0.682661645744543,0.6690405953329317,0.6248984727276811,0.7371275209505036,0.0680869256175719,0.11222904822282254,10.0,15.0,16.0,9.0,13.0,14.0,10.0,18.0,22.0,sec:heldout
MICB,0,-0.569679155065704,0.0446170685706083,0.05240067270218381,-0.061848575893462515,0.03601349538684481,-0.016387177315339,0.09786207128030733,2.0,3.0,4.0,0.0,2.0,2.0,2.0,4.0,7.0,sec:heldout
SH3GLB2,0,0.37501659625597455,0.3489564211146301,0.3782390806694998,0.47381482752297277,0.485615779791075,0.10737669912157521,0.011800952268102238,4.0,5.0,6.0,4.0,9.0,12.0,6.0,8.0,11.0,sec:heldout
SPECC1,0,-0.24329361838965383,-0.00641715843829917,0.1296308848967766,-0.03798861644244792,0.07228262624002371,-0.05734825865675289,0.11027124268247163,2.0,2.0,6.0,1.0,1.0,3.0,0.0,2.0,5.0,sec:heldout
ADSL,0,0.24173180091459454,0.08755622904734621,0.5235348528715805,0.5982851138406912,0.5842767425427661,0.060741889671185545,-0.014008371297925093,6.0,8.0,16.0,7.0,10.0,13.0,5.0,9.0,17.0,sec:heldout
PHF20,0,0.3269106181031165,0.08145559287850344,0.3451968038552596,0.3220902792853534,0.36339252052503473,0.018195716669775153,0.04130224123968135,3.0,7.0,13.0,3.0,9.0,15.0,3.0,8.0,12.0,sec:heldout
LIN37,0,0.4012129387767886,0.14845089348750137,0.31217184554159655,0.34044152538875916,0.38023744941350746,0.0680656038719109,0.0397959240247483,5.0,10.0,12.0,6.0,10.0,14.0,6.0,8.0,15.0,sec:heldout
SNAPC1,0,0.36379343681203374,0.28077810544930576,0.4810505186226222,0.5173921908128819,0.49812592020138086,0.017075401578758642,-0.019266270611501046,7.0,9.0,11.0,7.0,13.0,16.0,6.0,7.0,16.0,sec:heldout
EIF2B3,0,0.2944143706687427,0.40930146070095247,0.504004647465114,0.5575354152233393,0.5426431413602653,0.03863849389515128,-0.014892273863074013,5.0,9.0,13.0,6.0,8.0,12.0,5.0,10.0,20.0,sec:heldout
MLLT6,0,-0.18619385645092276,0.10310090787735417,0.19546951088942288,0.1271315495124505,0.2683048267004343,0.07283531581101144,0.1411732771879838,2.0,3.0,6.0,2.0,2.0,3.0,2.0,2.0,5.0,sec:heldout
PTP4A1,0,0.034718446745002456,0.04547906998345538,0.3196404906775319,0.20391704860653667,0.38129504480800797,0.06165455413047605,0.1773779962014713,4.0,6.0,7.0,2.0,5.0,6.0,3.0,5.0,9.0,sec:heldout
HHEX,0,0.3289044710267825,0.025478128353685143,0.298483410273714,0.3001622417101583,0.39360479140646204,0.09512138113274804,0.09344254969630372,4.0,6.0,7.0,4.0,8.0,10.0,5.0,8.0,17.0,sec:heldout
EIF4H,0,0.28242241400658075,0.04548462690832087,0.20315239095798607,0.20763045230534707,0.15348668217032946,-0.04966570878765661,-0.054143770135017616,2.0,4.0,6.0,1.0,2.0,5.0,2.0,3.0,6.0,sec:heldout
TTPAL,0,0.19818675807007313,-0.02306633855501541,0.24159540997780005,0.24638525623664462,0.08253107532710097,-0.15906433465069908,-0.16385418090954365,1.0,2.0,6.0,2.0,3.0,6.0,1.0,1.0,3.0,sec:heldout
IREB2,0,0.08746446041656684,-0.0687646788017958,0.134673284531053,0.1618611134925532,0.02574041569364237,-0.10893286883741064,-0.13612069779891084,1.0,2.0,4.0,2.0,3.0,6.0,2.0,2.0,5.0,sec:heldout
NEIL2,0,0.17388699069363422,-0.024927922216755046,0.011748396213692126,0.06033148465511179,0.02237931226974618,0.010630916056054053,-0.03795217238536561,0.0,2.0,4.0,1.0,1.0,2.0,1.0,1.0,1.0,sec:heldout
SEH1L,0,0.2600910460070414,0.1053257144475349,0.4051299602679344,0.49837646615644476,0.4185398011619419,0.013409840894007485,-0.07983666499450287,2.0,5.0,10.0,3.0,7.0,11.0,2.0,6.0,12.0,sec:heldout
CNOT1,0,0.22526414252892477,0.20039990596282073,0.5823332418360382,0.4861619489902911,0.655868780336295,0.07353553850025685,0.16970683134600395,8.0,12.0,15.0,6.0,10.0,13.0,8.0,15.0,20.0,sec:heldout
FOXI3,0,0.3721910090011448,0.05166129177294198,0.47331104886750097,0.3941595073152974,0.42294932102789945,-0.05036172783960152,0.02878981371260203,6.0,8.0,11.0,6.0,8.0,10.0,6.0,8.0,14.0,sec:heldout
VARS2,0,0.1966522346540115,0.5906728648012756,0.6819669155317442,0.6426988700379734,0.7086263801641793,0.02665946463243518,0.0659275101262059,9.0,11.0,17.0,8.0,12.0,15.0,9.0,12.0,19.0,sec:heldout
NDUFC2,0,-0.4611100062565696,-0.04716861560218557,0.07038142919986025,-0.07427671344952465,0.02864762815474926,-0.041733801045110985,0.10292434160427391,0.0,1.0,1.0,0.0,0.0,0.0,0.0,0.0,3.0,sec:heldout
CACUL1,0,0.15011687240906266,0.02600537279405536,0.28179349678160764,0.05549941010859757,-0.029172307103822345,-0.31096580388543,-0.08467171721241991,2.0,4.0,7.0,0.0,0.0,3.0,0.0,0.0,2.0,sec:heldout
THOC6,0,0.3976166571861172,-0.1015013332597088,0.3253670171617808,0.28450297473704866,0.2813372404416581,-0.044029776720122704,-0.0031657342953905765,5.0,6.0,7.0,1.0,5.0,10.0,3.0,5.0,10.0,sec:heldout
TTI2,0,0.2723497090516,0.09843062553753172,0.4130474374674458,0.49067055199310383,0.4288168053726881,0.015769367905242304,-0.061853746620415706,8.0,11.0,18.0,7.0,14.0,19.0,8.0,12.0,14.0,sec:heldout
SRRM1,0,0.3128512525544564,0.34037888575169273,0.4970212006557088,0.42895127189664567,0.5529332568912549,0.055912056235546126,0.12398198499460927,3.0,6.0,11.0,4.0,4.0,9.0,5.0,7.0,11.0,sec:heldout
IMPDH2,0,0.30470501665882593,0.5466473947318142,0.6148261877124269,0.5863832727447483,0.6411846421692317,0.026358454456804736,0.054801369424483326,9.0,13.0,18.0,7.0,13.0,18.0,9.0,13.0,20.0,sec:heldout
ROMO1,0,0.2542267192207774,0.4187560735442093,0.5780984011611768,0.6680029631260916,0.6138534264882328,0.03575502532705599,-0.05414953663785882,6.0,11.0,15.0,8.0,12.0,15.0,6.0,12.0,19.0,sec:heldout
METTL14,0,0.31982973312796986,-0.05392840358818113,0.4317831696228011,0.4399057425136796,0.4179418195458622,-0.01384135007693893,-0.021963922967817406,4.0,8.0,12.0,6.0,10.0,14.0,4.0,8.0,11.0,sec:heldout
MDN1,0,0.49021802760158345,0.5161721485526911,0.5549473803584842,0.5596519100937997,0.5875978785877626,0.032650498229278346,0.027945968493962914,9.0,15.0,18.0,9.0,14.0,16.0,9.0,15.0,23.0,sec:heldout
PEF1,0,-0.21964105283127652,-0.04499636102935898,0.08006525600209448,-0.1633095359611142,-0.03365615540887931,-0.11372141141097379,0.12965338055223488,1.0,2.0,3.0,1.0,1.0,2.0,0.0,0.0,2.0,sec:heldout
LANCL1,0,-0.0025170134526505314,0.029639022082347463,-0.05163024238293452,-0.14677535965134672,-0.08618560578588258,-0.03455536340294806,0.06058975386546414,0.0,1.0,3.0,0.0,2.0,3.0,0.0,2.0,2.0,sec:heldout
RRM1,0,0.22353985292804693,0.49919577690878714,0.6125994054987206,0.5620477495077333,0.6444946668372838,0.03189526133856324,0.08244691732955056,8.0,12.0,19.0,8.0,14.0,19.0,8.0,11.0,16.0,sec:heldout
TSR2,0,0.27802126175255854,0.7352894169805508,0.6887241324296164,0.6256683221978138,0.7419789661350786,0.053254833705462246,0.11631064393726487,10.0,19.0,20.0,10.0,16.0,17.0,10.0,19.0,27.0,sec:heldout
CCDC167,0,0.3750996695860998,-0.1804809092337568,0.03511965821792872,-0.029785611320254892,-0.1193008041639962,-0.15442046238192492,-0.0895151928437413,1.0,4.0,4.0,0.0,1.0,3.0,0.0,0.0,1.0,sec:heldout
COX7C,0,0.1720352809782598,0.4026434939284061,0.6692438007363369,0.6209169868575651,0.6557249070546468,-0.013518893681690125,0.034807920197081677,9.0,12.0,20.0,8.0,13.0,18.0,8.0,12.0,19.0,sec:heldout
CMPK2,0,0.018673722098316605,0.09310250521477777,0.288387226615558,0.3648006261160974,0.3725945576744038,0.08420733105884581,0.007793931558306377,5.0,6.0,7.0,4.0,5.0,8.0,5.0,7.0,12.0,sec:heldout
STAT5B,0,0.1628641306231707,0.17150430968071664,0.45575916055005167,0.5681974343918451,0.48641229802609315,0.03065313747604148,-0.08178513636575196,5.0,11.0,14.0,9.0,14.0,19.0,6.0,11.0,16.0,sec:heldout
CLK2,0,0.13027650697499507,-0.014373831578440457,0.2544596871198936,0.3112532352831761,0.14793536021511633,-0.10652432690477726,-0.16331787506805978,2.0,5.0,7.0,2.0,2.0,4.0,2.0,2.0,4.0,sec:heldout
PIP4K2C,0,0.201004244251103,0.5857857183106261,0.5477772017294783,0.6022473655993569,0.6456609486459107,0.09788374691643242,0.04341358304655385,9.0,14.0,19.0,7.0,14.0,19.0,10.0,15.0,21.0,sec:heldout
RPL10A,0,0.3908082056739137,0.48561677481862575,0.6161151249668585,0.566365276004673,0.6516704933190086,0.03555536835215012,0.0853052173143356,10.0,16.0,20.0,9.0,16.0,17.0,10.0,16.0,26.0,sec:heldout
SAFB2,0,0.4135523661244804,0.12579068667207075,0.4047453074446185,0.42919678398398764,0.4091649559482209,0.00441964850360238,-0.020031828035766752,5.0,7.0,9.0,6.0,8.0,10.0,5.0,8.0,14.0,sec:heldout
SERPINB9,0,0.022081484317846147,0.09169317922124992,0.17057506808361877,0.06742663597000446,0.10341573949258648,-0.0671593285910323,0.035989103522582014,2.0,2.0,2.0,1.0,2.0,4.0,0.0,0.0,1.0,sec:heldout
ZNF557,0,0.1837561419186051,0.06068189939577704,0.0047351439159554615,0.016277827598605424,0.06958813392830275,0.06485299001234729,0.05331030632969733,0.0,1.0,2.0,0.0,0.0,0.0,0.0,1.0,2.0,sec:heldout
USP3,0,0.39703519675236265,0.06495409006554836,0.13415954282594217,0.2583025670012131,0.22812307113395472,0.09396352830801255,-0.030179495867258405,2.0,3.0,4.0,2.0,2.0,3.0,1.0,2.0,4.0,sec:heldout
KHSRP,0,0.17149880774276316,0.35105557970988643,0.5627752739900921,0.5094730950831149,0.5821188241942404,0.019343550204148352,0.07264572911112555,6.0,8.0,12.0,7.0,8.0,11.0,6.0,8.0,13.0,sec:heldout
FTH1,0,-0.536930833476057,0.06145328144766113,0.12448919523261497,-0.025845570267032898,0.12703409713659602,0.002544901903981059,0.15287966740362893,1.0,2.0,5.0,0.0,1.0,4.0,1.0,1.0,4.0,sec:heldout
TSEN15,0,0.2517943350250183,0.5085681904384715,0.5711953023575127,0.6132237855206593,0.6129684527861256,0.04177315042861285,-0.00025533273453370864,6.0,13.0,17.0,8.0,14.0,16.0,7.0,12.0,22.0,sec:heldout
CHKB,0,0.2833635214589287,0.26648945320730166,0.586819602640474,0.6030983161034119,0.577120812895743,-0.009698789744730929,-0.025977503207668895,6.0,10.0,11.0,6.0,8.0,10.0,6.0,8.0,13.0,sec:heldout
HIRA,0,0.26800483470217534,0.06766065816383011,0.5028643456090156,0.4879931894367507,0.5384504059187458,0.035586060309730216,0.05045721648199514,6.0,12.0,18.0,7.0,12.0,14.0,6.0,14.0,20.0,sec:heldout
NME1-NME2,0,-0.09144097642163285,0.029186979392926613,0.23171164422700663,0.1632641867615444,0.38896875578944473,0.1572571115624381,0.22570456902790034,4.0,7.0,12.0,1.0,4.0,6.0,6.0,9.0,12.0,sec:heldout
ANKRD17,0,0.2521165538527687,0.02181879890096723,0.35847828285534783,0.4204069406938881,0.38844873773119365,0.02997045487584582,-0.03195820296269447,3.0,6.0,7.0,6.0,9.0,10.0,5.0,7.0,12.0,sec:heldout
BRD2,0,0.20543866586481196,0.3336868127232256,0.40687566972817873,0.46532837060896787,0.4602836061800837,0.05340793645190495,-0.005044764428884185,4.0,6.0,9.0,4.0,8.0,12.0,4.0,8.0,9.0,sec:heldout
MAD2L1,0,0.33876795234006246,0.08326042562527894,0.55373851550269,0.5959454921250186,0.5861822137990012,0.03244369829631111,-0.009763278326017422,7.0,9.0,11.0,6.0,9.0,11.0,7.0,10.0,22.0,sec:heldout
CDV3,0,-0.4605222329427752,0.08509302503208344,-0.7706300224858486,-0.5414086725943336,-0.7365657813593294,0.03406424112651918,-0.1951571087649958,0.0,0.0,3.0,0.0,2.0,4.0,0.0,0.0,1.0,sec:heldout
MCMBP,0,0.2914180339362482,-0.08201755203013945,0.4134825085508744,0.4192389353417265,0.4977411118321197,0.08425860328124535,0.0785021764903932,5.0,9.0,11.0,6.0,9.0,12.0,7.0,11.0,18.0,sec:heldout
ACTR8,0,0.1464647658601016,0.48172022836639156,0.32819660418175284,0.19339665386615265,0.6592883992737318,0.331091795091979,0.46589174540757916,7.0,11.0,13.0,4.0,6.0,7.0,8.0,11.0,16.0,sec:heldout
IPO11,0,-0.32001147411881786,0.10682566292252367,0.009032925283201284,0.15521642644570194,-0.025777192419268024,-0.034810117702469306,-0.18099361886496995,0.0,2.0,2.0,2.0,3.0,4.0,1.0,2.0,4.0,sec:heldout
NUP133,0,0.2916476076708577,0.13317576440066622,0.4290704688063369,0.5052228906356261,0.4789998868965661,0.04992941809022916,-0.026223003739060002,4.0,8.0,10.0,7.0,8.0,12.0,5.0,8.0,12.0,sec:heldout
RBM12,0,0.13457980182792303,0.3480562269878904,0.48284540346085575,0.5694189648778474,0.5764102263436984,0.09356482288284268,0.006991261465851051,8.0,12.0,21.0,7.0,13.0,20.0,9.0,13.0,19.0,sec:heldout
OXCT1,0,0.35981874746370845,0.13371557177927848,0.3519191902071417,0.4790413251954085,0.40634882119193566,0.054429630984793975,-0.07269250400347282,5.0,7.0,9.0,6.0,7.0,9.0,5.0,6.0,14.0,sec:heldout
CD2BP2,0,-0.4534602135871886,0.08750711609054351,0.007317431408885866,0.126808960490951,0.14148569126282404,0.13416825985393818,0.014676730771873037,1.0,1.0,4.0,2.0,2.0,4.0,3.0,4.0,7.0,sec:heldout
TCERG1,0,0.4317377893700634,0.025283484095314432,0.49719272302685497,0.5942669129670082,0.49884626053622294,0.001653537509367975,-0.09542065243078524,6.0,10.0,14.0,6.0,10.0,13.0,5.0,9.0,15.0,sec:heldout
RIPK2,0,0.1075175177529643,-0.028367952216206815,0.07502896896730332,-0.03325007835581769,-0.11003647849157387,-0.1850654474588772,-0.07678640013575619,2.0,2.0,3.0,0.0,0.0,2.0,0.0,0.0,2.0,sec:heldout
DHX36,0,0.4172352171438878,0.2611325653360218,0.38670514866126365,0.42829963862207093,0.4805770784218786,0.09387192976061492,0.052277439799807646,5.0,7.0,8.0,4.0,6.0,7.0,6.0,8.0,11.0,sec:heldout
TMEM14A,0,-0.3882178109393113,0.007679874965363022,0.0586923997635046,0.02085631787527203,0.0753611364819123,0.016668736718407698,0.05450481860664026,0.0,0.0,0.0,2.0,3.0,5.0,1.0,1.0,2.0,sec:heldout
RBM42,0,0.12404211885700218,0.3731994545748172,0.4031470060154995,0.4397253220223307,0.5146084791620837,0.11146147314658422,0.07488315713975302,3.0,5.0,11.0,4.0,6.0,12.0,6.0,8.0,12.0,sec:heldout
MAFK,0,0.29897845394042777,0.030597409649526397,0.41010108596300315,0.3784233659474874,0.36279050222561704,-0.047310583737386114,-0.015632863721870338,5.0,10.0,15.0,4.0,8.0,14.0,5.0,9.0,18.0,sec:heldout
TIPIN,0,0.17445109804794642,0.5996374619841385,0.6598027958949276,0.6705014100001274,0.7108399350760033,0.051037139181075664,0.040338525075875875,8.0,11.0,19.0,8.0,12.0,17.0,8.0,13.0,19.0,sec:heldout
NFKBIA,0,-0.15718154695144892,0.012431065930209836,0.183153485809311,0.09429782723580665,0.02040760267605223,-0.16274588313325877,-0.07389022455975443,0.0,0.0,4.0,2.0,2.0,2.0,0.0,0.0,1.0,sec:heldout
CTU1,0,0.35835463359753755,0.22944025568705442,0.531254204330503,0.5642338546372941,0.538800091799267,0.0075458874687640565,-0.02543376283802712,4.0,8.0,9.0,7.0,8.0,9.0,4.0,7.0,14.0,sec:heldout
MORC2,0,-0.3748483711915053,0.07601436391795312,-0.1864763099302985,0.01749834785579586,-0.1287843077045642,0.05769200222573431,-0.14628265556036005,0.0,0.0,5.0,0.0,0.0,2.0,0.0,0.0,2.0,sec:heldout
SS18L2,0,0.17702829571715376,0.46824166393876515,0.6178557517565461,0.5894802784940868,0.6062383843239735,-0.011617367432572578,0.016758105829886683,8.0,12.0,17.0,8.0,11.0,16.0,8.0,12.0,18.0,sec:heldout
POLR2C,0,0.406037228043483,0.32468350256297596,0.4461306204502968,0.43382791724474995,0.49685581652342936,0.050725196073132583,0.06302789927867941,4.0,7.0,9.0,5.0,7.0,9.0,5.0,8.0,11.0,sec:heldout
ADAL,0,0.27552919339903775,-0.0768257862208726,0.28537591484758246,0.3483926655709615,0.14068811575632548,-0.14468779909125698,-0.207704549814636,3.0,6.0,10.0,3.0,6.0,11.0,2.0,3.0,5.0,sec:heldout
GPS2,0,-0.6193116597488462,0.10461565998397131,0.1546927581847394,0.08790408528965689,0.06464001989957584,-0.09005273828516357,-0.02326406539008105,1.0,2.0,6.0,0.0,1.0,5.0,0.0,1.0,5.0,sec:heldout
LSM3,0,0.3592320014559902,0.24208761855526997,0.4606215395966627,0.3442886007173922,0.49443537549921457,0.03381383590255188,0.15014677478182237,5.0,5.0,9.0,4.0,6.0,9.0,5.0,6.0,12.0,sec:heldout
KAT7,0,-0.08860106571696469,0.25730034947687014,0.4262351801642277,0.3973820542310483,0.42116650202826916,-0.005068678135958515,0.023784447797220887,6.0,8.0,17.0,7.0,12.0,19.0,6.0,11.0,15.0,sec:heldout
ARPC1B,0,0.17522263592354817,0.4291137929300155,0.6505034318429236,0.6362208781858333,0.6641706983641978,0.013667266521274257,0.02794982017836456,8.0,13.0,19.0,8.0,15.0,18.0,9.0,14.0,18.0,sec:heldout
DHPS,0,-0.12766756164947146,-0.070148531598804,-0.1486320198088714,-0.16654327797499582,-0.12047892292351144,0.028153096885359954,0.04606435505148439,0.0,1.0,2.0,1.0,1.0,1.0,1.0,2.0,3.0,sec:heldout
TRMT10C,0,0.23269367811822442,0.5455532370059263,0.6665151923854885,0.6490643374927935,0.7004453350796721,0.033930142694183596,0.05138099758687864,8.0,14.0,20.0,8.0,15.0,19.0,8.0,14.0,23.0,sec:heldout
RPS21,0,0.10222872233256976,0.7303496045021108,0.6458995407033684,0.6228277724136929,0.7379975936944728,0.0920980529911044,0.1151698212807799,9.0,14.0,17.0,9.0,14.0,15.0,10.0,17.0,24.0,sec:heldout
MED29,0,0.3040112168531239,0.1232976427871616,0.31801229712354956,0.4155776281010642,0.3891723275572982,0.07116003043374863,-0.026405300543765997,3.0,4.0,7.0,6.0,7.0,10.0,4.0,6.0,9.0,sec:heldout
PPRC1,0,0.13342142268412516,0.2350091714108562,0.6070891587295012,0.5166182247185573,0.6644781014027982,0.05738894267329697,0.14785987668424083,8.0,14.0,16.0,7.0,11.0,12.0,9.0,15.0,20.0,sec:heldout
VDAC1,0,0.18682519399961325,-0.02718035240920376,0.5337497436734752,0.4276711890266589,0.4763003157164658,-0.05744942795700936,0.0486291266898069,7.0,9.0,14.0,4.0,7.0,10.0,6.0,7.0,9.0,sec:heldout
NOP10,0,0.22443881337158567,0.7272718457317556,0.6691377503039709,0.6496961417504733,0.7488484626012942,0.0797107122973233,0.09915232085082093,9.0,15.0,17.0,9.0,15.0,16.0,10.0,17.0,25.0,sec:heldout
ASCC3,0,0.3041734376946001,0.2588147475815727,0.49075685364965443,0.5362912590746977,0.5391174983874433,0.04836064473778884,0.0028262393127456154,4.0,8.0,14.0,6.0,10.0,14.0,5.0,9.0,20.0,sec:heldout
GAB2,0,0.31314555996751675,0.2848020801073364,0.4426819996719946,0.569428217844487,0.535576461773093,0.09289446210109842,-0.03385175607139401,7.0,11.0,15.0,8.0,14.0,19.0,7.0,13.0,18.0,sec:heldout
ZC3H11A,0,0.3748879482864826,0.0096015305737953,0.035472877640125834,0.020566341002966518,0.18260008808947648,0.14712721044935065,0.16203374708650997,1.0,2.0,4.0,2.0,2.0,6.0,1.0,2.0,5.0,sec:heldout
ZNF140,0,0.2923200564264958,0.05727712424751397,0.41873682472214474,0.16691391323295013,0.38731791817946243,-0.03141890654268231,0.2204040049465123,3.0,4.0,5.0,0.0,1.0,2.0,3.0,3.0,6.0,sec:heldout
KRR1,0,0.2122385841231066,0.7069489500989947,0.6398087501969786,0.5995145788187913,0.7232978794453201,0.08348912924834151,0.12378330062652876,10.0,16.0,17.0,10.0,14.0,15.0,10.0,18.0,25.0,sec:heldout
RUVBL1,0,0.3501014501371123,0.2833180634997389,0.51784467971401,0.528651051997851,0.5238593860255852,0.006014706311575191,-0.004791665972265768,6.0,8.0,11.0,7.0,10.0,13.0,7.0,8.0,14.0,sec:heldout
RPE,0,-0.5352544072513474,0.0796600592048624,-0.4827535960972192,-0.45178958820353454,-0.28998047052162906,0.19277312557559012,0.16180911768190548,1.0,1.0,3.0,0.0,0.0,2.0,0.0,0.0,2.0,sec:heldout
ESYT1,0,0.1365419563966963,0.06481559598830706,0.5058300379258207,0.21929961938100137,0.5486547812108392,0.04282474328501851,0.3293551618298378,8.0,12.0,15.0,3.0,5.0,8.0,9.0,10.0,17.0,sec:heldout
NUDCD1,0,-0.25316457530687725,0.14878867585222905,0.1975096750016253,0.16365199611471087,0.22459030036361452,0.027080625361989213,0.060938304248903646,1.0,1.0,4.0,2.0,3.0,5.0,1.0,2.0,4.0,sec:heldout
RPL34,0,0.36891871986984426,0.5293580784692219,0.5964996444427224,0.5543953209291798,0.6680760708924893,0.07157642644976692,0.11368074996330957,10.0,16.0,19.0,9.0,14.0,15.0,10.0,17.0,27.0,sec:heldout
EIF2S3,0,0.34991276549888534,0.4639268283231557,0.49208581594577944,0.5801499239175075,0.5459024465220809,0.05381663057630143,-0.03424747739542666,6.0,9.0,13.0,7.0,9.0,13.0,6.0,11.0,18.0,sec:heldout
UBIAD1,0,-0.551508376919713,-0.010433498112323067,-0.07890584213354336,-0.28274839022712583,0.06670703765400986,0.14561287978755322,0.3494554278811357,0.0,1.0,3.0,0.0,0.0,1.0,0.0,1.0,4.0,sec:heldout
ARHGEF10,0,-0.12511181262533158,0.033544779438417056,-0.20596607455578467,-0.4537839246265996,-0.2192153872818754,-0.013249312726090728,0.23456853734472422,0.0,0.0,2.0,0.0,0.0,1.0,0.0,1.0,2.0,sec:heldout
CLTA,0,-0.4274715977225631,0.09425629095771267,-0.036718275957897666,-0.06872467577168319,0.03016058723445932,0.06687886319235699,0.0988852630061425,0.0,0.0,1.0,0.0,0.0,0.0,0.0,1.0,4.0,sec:heldout
HDAC3,0,0.11980566315583924,0.04269728535959411,0.35922834164874384,0.5340412190305704,0.42453627200813765,0.0653079303593938,-0.1095049470224328,0.0,4.0,7.0,3.0,6.0,11.0,1.0,3.0,12.0,sec:heldout
HSF4,0,0.19326277570878636,-0.018372144636174773,0.45731929120797576,0.3935681991885316,0.38904040876882023,-0.06827888243915553,-0.004527790419711353,6.0,8.0,21.0,6.0,11.0,15.0,5.0,10.0,17.0,sec:heldout
CPSF3,0,0.31636129696636156,0.18405963733207006,0.5906807825453289,0.5689732838181545,0.5726792455745481,-0.018001536970780774,0.0037059617563935943,8.0,12.0,15.0,8.0,11.0,12.0,8.0,12.0,17.0,sec:heldout
TYK2,0,0.38637318345518884,0.16450763386872713,0.350909813673445,0.5034121852308534,0.397402972718105,0.046493159044660004,-0.10600921251274842,3.0,5.0,10.0,6.0,7.0,9.0,2.0,7.0,11.0,sec:heldout
TRIR,0,-0.47124789073348605,0.018749341668050867,-0.3355448649927916,-0.5887942394609748,-0.237607145253117,0.09793771973967463,0.35118709420785776,0.0,0.0,1.0,0.0,0.0,0.0,0.0,0.0,1.0,sec:heldout
HEXIM1,0,-0.1379605304041531,0.015266601430349745,0.2432748054485776,0.25150001336367867,0.28904141718536386,0.045766611736786256,0.03754140382168519,2.0,6.0,13.0,3.0,4.0,8.0,2.0,5.0,12.0,sec:heldout
SMARCB1,0,0.0781875371466862,0.24923114539448063,0.2613359088718294,0.4212835691459125,0.3476439622254505,0.08630805335362113,-0.07363960692046195,1.0,7.0,12.0,6.0,10.0,16.0,3.0,7.0,16.0,sec:heldout
POU2F2,0,0.054818072516991945,-0.0029451832284185376,-0.0532028573963445,-0.12706289166471765,-0.04851583994628442,0.004687017450060081,0.07854705171843324,0.0,1.0,5.0,0.0,0.0,0.0,0.0,0.0,3.0,sec:heldout
EIF4A1,0,0.20854320761988263,0.4681871111351145,0.3313447246310415,0.24502201018629488,0.4018216935247621,0.07047696889372063,0.15679968333846722,5.0,9.0,13.0,4.0,4.0,6.0,5.0,9.0,14.0,sec:heldout
EHMT2,0,0.4190570804656208,0.06942459646418639,0.3710227058483537,0.5465617122879215,0.4797259865221024,0.10870328067374874,-0.06683572576581909,3.0,6.0,8.0,5.0,9.0,12.0,4.0,9.0,14.0,sec:heldout
TINF2,0,0.24947956874895824,0.5346297147368982,0.5232773554823399,0.4900586978323786,0.5957042007826122,0.07242684530027232,0.10564550295023362,7.0,10.0,14.0,7.0,9.0,13.0,8.0,10.0,16.0,sec:heldout
MYL6,0,-0.4889406676154586,0.09212746733268733,-0.28111851015299744,-0.36535726108408423,-0.07938474697174704,0.20173376318125041,0.2859725141123372,0.0,0.0,2.0,1.0,2.0,2.0,0.0,0.0,4.0,sec:heldout
TPR,0,0.46307272621973095,0.34604240362777433,0.542228603354472,0.6186936246949749,0.610185029362135,0.06795642600766305,-0.008508595332839874,7.0,10.0,14.0,8.0,13.0,16.0,8.0,12.0,17.0,sec:heldout
EIF3J,0,0.29167746541415973,0.19924737141718593,0.4717933297530237,0.48549842931168685,0.5623543625284588,0.09056103277543515,0.07685593321677198,5.0,8.0,14.0,5.0,9.0,14.0,6.0,9.0,13.0,sec:heldout
ZNF445,0,0.26861550390633787,-0.06766076634839717,0.2081806512347005,0.44957081784359515,0.15072043625690856,-0.05746021497779194,-0.2988503815866866,2.0,4.0,7.0,5.0,7.0,9.0,2.0,3.0,8.0,sec:heldout
LAMTOR3,0,0.39160570904257547,0.06744763496514791,0.42031911715900866,0.4921948646410337,0.44051820734862907,0.020199090189620406,-0.051676657292404615,2.0,3.0,6.0,7.0,10.0,13.0,4.0,7.0,13.0,sec:heldout
CSTF2,0,-0.041534696196268504,0.0008972029961432688,0.22152166446940336,0.06650166590192198,0.1439154380581099,-0.07760622641129344,0.07741377215618793,2.0,3.0,6.0,1.0,2.0,6.0,0.0,0.0,6.0,sec:heldout
RTRAF,0,0.17507231803217457,0.5710862030626586,0.5927190443870084,0.6626265877842129,0.6269471909168806,0.03422814652987216,-0.03567939686733235,8.0,12.0,17.0,9.0,15.0,18.0,8.0,14.0,23.0,sec:heldout
PPIA,0,-0.16032413259778697,0.2021169126856305,-0.11111972222672373,-0.014555326356834616,0.019339487850566123,0.13045921007728986,0.03389481420740074,0.0,1.0,2.0,0.0,1.0,3.0,0.0,0.0,2.0,sec:heldout
DERL2,0,0.3711757728450007,0.07071976011815544,0.47925974781691427,0.49252407434586454,0.5303925342499657,0.051132786433051414,0.03786845990410115,5.0,7.0,10.0,5.0,9.0,12.0,6.0,7.0,12.0,sec:heldout
CPNE1,0,0.25346796919658193,0.26172977466845887,0.5553867270728027,0.5643511463019993,0.5911733401146851,0.035786613041882465,0.0268221938126858,8.0,12.0,22.0,8.0,14.0,20.0,8.0,14.0,20.0,sec:heldout
SAP130,0,0.030788846943725235,0.2958344010186255,0.16272043309970383,0.15786606097891295,0.4126074818207115,0.24988704872100767,0.2547414208417985,1.0,4.0,7.0,1.0,7.0,7.0,5.0,10.0,14.0,sec:heldout
FASTKD5,0,0.18271534241093176,0.42902002444074855,0.5995619683994896,0.6512643060677482,0.6096636687169052,0.01010170031741564,-0.04160063735084296,8.0,14.0,22.0,8.0,14.0,22.0,9.0,14.0,22.0,sec:heldout
DDX56,0,0.36375001349707675,0.5358533056757165,0.5895283187485952,0.5255745575882188,0.6432917277112443,0.053763408962649084,0.11771717012302552,10.0,16.0,20.0,9.0,16.0,18.0,10.0,17.0,27.0,sec:heldout
GTF2H1,0,0.40330454969285484,0.15889524119829487,0.4552103968508126,0.4606530575918113,0.4710419111805482,0.01583151432973562,0.010388853588736924,6.0,7.0,10.0,7.0,9.0,12.0,5.0,7.0,12.0,sec:heldout
NDUFA10,0,0.17077425135867316,0.2845134323577046,0.4946125628755398,0.5357758925298816,0.5384514807547779,0.043838917879238104,0.0026755882248963303,6.0,9.0,13.0,6.0,11.0,16.0,6.0,13.0,20.0,sec:heldout
PARP12,0,0.18082760253864794,0.03948264906055594,0.49636836748260743,0.536751803060747,0.402699933381889,-0.09366843410071846,-0.13405186967885802,6.0,8.0,19.0,7.0,10.0,16.0,4.0,8.0,17.0,sec:heldout
GINS2,0,0.3347075967288414,0.4137069671063253,0.6037150361701934,0.645610836038864,0.6314597771366599,0.027744740966466508,-0.014151058902204139,7.0,9.0,13.0,7.0,11.0,14.0,7.0,10.0,15.0,sec:heldout
TXNDC17,0,0.29482405567329134,-0.07765440426660007,0.4181183663503847,0.5115654970384541,0.3546951392970201,-0.06342322705336456,-0.15687035774143399,7.0,8.0,11.0,4.0,8.0,12.0,5.0,6.0,7.0,sec:heldout
RNASEH2A,0,-0.12977752766507325,0.03758561742612369,-0.3997405254287374,-0.08180392060754538,-0.0419461639838078,0.3577943614449296,0.03985775662373758,0.0,0.0,2.0,0.0,1.0,2.0,0.0,2.0,3.0,sec:heldout
SLC25A10,0,0.2261525193380458,0.5034125089549861,0.6594227792676574,0.702259658845923,0.6943305002095649,0.03490772094190753,-0.007929158636358125,8.0,13.0,17.0,9.0,15.0,18.0,8.0,14.0,24.0,sec:heldout
AMBRA1,0,-0.24251450050053122,0.10178362014298,-0.33308381919145724,-0.42297956902770134,-0.07181046199301296,0.2612733571984443,0.3511691070346884,0.0,0.0,2.0,0.0,0.0,0.0,0.0,1.0,3.0,sec:heldout
PYURF,0,0.4794636965820034,0.4143479855297438,0.5650654140795925,0.47926336531416774,0.5614599256903164,-0.0036054883892761014,0.0821965603761487,8.0,12.0,17.0,6.0,11.0,14.0,8.0,12.0,17.0,sec:heldout
SNX5,0,-0.2706453395537353,0.09085124146287667,-0.004706357757542014,0.17243800647765153,0.04606193667963988,0.05076829443718189,-0.12637606979801166,2.0,2.0,3.0,2.0,3.0,5.0,2.0,3.0,4.0,sec:heldout
MALSU1,0,0.20921470530855535,0.5452587559783918,0.6693732602546589,0.6201051319327778,0.6617200523873646,-0.007653207867294287,0.04161492045458681,8.0,13.0,19.0,8.0,13.0,17.0,8.0,13.0,19.0,sec:heldout
UBE2I,0,0.3209878605972994,0.01307164207099401,0.4898777106123986,0.5790001044643146,0.5293443754592527,0.03946666484685413,-0.04965572900506188,4.0,7.0,12.0,6.0,10.0,12.0,4.0,7.0,19.0,sec:heldout
LEPROT,0,-0.22348917620408978,0.013874051477852993,0.15006038987303252,-0.08377415296393216,0.20073871181450068,0.05067832194146815,0.28451286477843285,2.0,2.0,4.0,0.0,0.0,2.0,2.0,3.0,3.0,sec:heldout
MUTYH,0,0.36410168805919757,0.15131044350528808,0.438014882260721,0.36112322042363565,0.4073894084959389,-0.030625473764782085,0.04626618807230326,6.0,9.0,9.0,7.0,7.0,10.0,6.0,8.0,11.0,sec:heldout
RPL36,0,0.3626384475366646,0.5152928662524427,0.6046419607343841,0.5846323148875961,0.6842643605070228,0.07962239977263863,0.09963204561942662,10.0,16.0,21.0,9.0,16.0,18.0,10.0,17.0,27.0,sec:heldout
GALK1,0,-0.21697602372975391,0.08141593807855485,-0.10999659651860212,-0.05178888098574183,-0.08964478755585588,0.020351808962746243,-0.03785590657011405,2.0,2.0,3.0,0.0,1.0,2.0,0.0,0.0,1.0,sec:heldout
CCT3,0,0.5157153289121646,0.16120460191410538,0.43624993767408893,0.47638394306797927,0.4520413942788104,0.015791456604721477,-0.02434254878916886,4.0,6.0,8.0,5.0,8.0,10.0,5.0,6.0,11.0,sec:heldout
NFRKB,0,0.17332098432862483,0.2507913079794512,0.25657922476705747,0.20098102791035719,0.351023018792832,0.09444379402577452,0.1500419908824748,5.0,7.0,11.0,6.0,8.0,10.0,5.0,6.0,12.0,sec:heldout
THAP1,0,0.1329560994784458,0.21777940181375474,0.4072501165737015,0.43825866003190384,0.44828116834537785,0.04103105177167632,0.01002250831347401,4.0,6.0,9.0,6.0,8.0,13.0,5.0,5.0,14.0,sec:heldout
THAP11,0,0.2621650522051681,0.031034995841361865,0.22947302910794334,-0.026609295382528233,0.1539273649739721,-0.07554566413397124,0.18053666035650034,3.0,5.0,9.0,1.0,1.0,2.0,2.0,2.0,7.0,sec:heldout
CHCHD2,0,-0.5345404224550967,0.18473255670286912,-0.1441198411003888,-0.009021701240729008,0.06777025740943136,0.21189009850982016,0.07679195865016038,0.0,1.0,4.0,1.0,1.0,2.0,1.0,1.0,6.0,sec:heldout
UGGT1,0,0.1967479293916938,-0.03708681357340184,0.2145060266885748,0.18670811209355953,0.15793593951247908,-0.05657008717609571,-0.028772172581080446,1.0,3.0,4.0,0.0,0.0,3.0,1.0,2.0,5.0,sec:heldout
UTP23,0,0.2576994853341382,0.7189123496322886,0.6732059189657034,0.6262275092901587,0.739497622411621,0.06629170344591762,0.11327011312146229,10.0,16.0,17.0,9.0,13.0,14.0,10.0,18.0,24.0,sec:heldout
TFAM,0,0.03826068216071322,-0.0007833000221328842,0.26631003266171266,0.28113847734171993,0.26486697904928796,-0.001443053612424694,-0.016271498292431963,4.0,11.0,18.0,7.0,9.0,15.0,6.0,11.0,20.0,sec:heldout
MGST3,0,-0.47058952417339645,-0.009456545471017435,-0.07295452442634341,-0.13708084017953115,-0.13165743537843638,-0.05870291095209297,0.005423404801094767,0.0,1.0,2.0,0.0,1.0,3.0,0.0,0.0,3.0,sec:heldout
RPL6,0,0.319351188727117,0.45294051030885335,0.5840968090056082,0.5727237248771085,0.6241838803256475,0.0400870713200393,0.05146015544853899,10.0,15.0,17.0,9.0,17.0,18.0,10.0,16.0,25.0,sec:heldout
SUPV3L1,0,0.23722345706181489,0.46977138328015533,0.6323096740706299,0.6434888975576333,0.6025738260899712,-0.029735847980658647,-0.040915071467662045,9.0,13.0,20.0,8.0,14.0,19.0,9.0,14.0,27.0,sec:heldout
CSNK2B,0,0.27975266732133447,0.03772314290319768,0.5156582622515207,0.5385589215750256,0.5389790075008074,0.023320745249286734,0.00042008592578179904,4.0,6.0,9.0,4.0,7.0,10.0,3.0,6.0,13.0,sec:heldout
PCM1,0,0.0843775375770509,0.28678689917743666,0.5148646185568321,0.5739291273582187,0.5187137729192121,0.0038491543623799807,-0.0552153544390066,5.0,9.0,15.0,5.0,10.0,15.0,4.0,9.0,15.0,sec:heldout
DIAPH1,0,0.41731074305398086,-0.02954093746029979,0.24153648221188198,0.30293364310793514,0.0829214103850649,-0.15861507182681708,-0.22001223272287024,0.0,2.0,3.0,3.0,5.0,6.0,0.0,0.0,2.0,sec:heldout
EDEM2,0,-0.12914183997896148,0.0718826472043572,0.3148332706089055,0.12667152383963332,0.09321278003817919,-0.2216204905707263,-0.033458743801454124,4.0,7.0,7.0,3.0,6.0,11.0,1.0,2.0,4.0,sec:heldout
DHODH,0,0.3801760010422397,0.297139365933439,0.5557630545099405,0.5304670048082641,0.637239952591358,0.08147689808141756,0.10677294778309387,8.0,14.0,15.0,6.0,13.0,14.0,8.0,15.0,27.0,sec:heldout
INO80D,0,0.08502408589487653,-0.008967622371537557,0.09002690523489816,0.24754324445601353,0.061898078584126937,-0.028128826650771224,-0.1856451658718866,2.0,3.0,5.0,3.0,3.0,5.0,2.0,2.0,6.0,sec:heldout
SMARCA5,0,0.29716997172523374,0.3839593503542306,0.5625369854372052,0.5799891183978548,0.5721008481767137,0.009563862739508489,-0.007888270221141136,8.0,11.0,17.0,7.0,11.0,14.0,8.0,11.0,16.0,sec:heldout
SNRPD3,0,0.3409917321255227,0.28151564284401104,0.4572701089023439,0.4610678853480734,0.5281639221913333,0.07089381328898947,0.06709603684325993,5.0,10.0,13.0,7.0,9.0,13.0,6.0,9.0,16.0,sec:heldout
RHBDD1,0,-0.5023980401738962,0.08939285917795549,0.1134991656993087,0.11363394430837914,0.07810303636655926,-0.03539612933274944,-0.035530907941819886,1.0,1.0,2.0,2.0,2.0,3.0,0.0,0.0,3.0,sec:heldout
SORT1,0,0.4038591301203089,0.17053520022069182,0.3545370121381897,0.5383306438727882,0.47174575010322456,0.11720873796503484,-0.06658489376956361,3.0,8.0,12.0,5.0,10.0,14.0,6.0,8.0,13.0,sec:heldout
RIF1,0,0.13656425338858358,0.21522624658477355,0.5300684425829053,0.44153224454979423,0.5340075937457748,0.00393915116286947,0.09247534919598055,7.0,12.0,17.0,6.0,14.0,18.0,8.0,12.0,16.0,sec:heldout
LYRM4,0,-0.16220798688554625,0.16705224626845916,-0.2523172205845447,-0.22760691223485818,0.04838155070486896,0.30069877128941364,0.2759884629397271,1.0,1.0,2.0,0.0,1.0,1.0,0.0,0.0,1.0,sec:heldout
OTUD7B,0,0.28056135064799476,0.06076923584200231,0.20962744976543132,0.19267059041023613,0.22427846616686098,0.014651016401429656,0.031607875756624854,3.0,6.0,8.0,2.0,3.0,6.0,2.0,3.0,7.0,sec:heldout
HINT1,0,-0.2720561391083431,-0.04447892486946878,0.34407963106091727,0.16962128364432416,-0.06391473995583488,-0.4079943710167522,-0.23353602360015904,4.0,5.0,7.0,2.0,3.0,3.0,0.0,0.0,2.0,sec:heldout
DFFA,0,0.2927757605699787,0.6636719952378297,0.5646267102944108,0.5143306773549133,0.6653517052360115,0.1007249949416007,0.15102102788109817,8.0,15.0,18.0,8.0,13.0,14.0,10.0,15.0,25.0,sec:heldout
ABHD13,0,-0.031136509109826942,0.045251557318619,-0.2025517202197101,-0.12699248231628288,-0.04630465745405656,0.15624706276565353,0.08068782486222631,0.0,1.0,2.0,0.0,1.0,4.0,0.0,2.0,3.0,sec:heldout
TEAD2,0,-0.21927465180181996,0.19727898343372077,0.04464035698386346,-0.01936792264713543,0.1571398840309865,0.11249952704712304,0.17650780667812194,2.0,2.0,3.0,0.0,0.0,0.0,1.0,3.0,4.0,sec:heldout
TMEM126B,0,0.14542929066388485,0.3419887750379858,0.661230972205014,0.65893374355378,0.6281418849738337,-0.033089087231180314,-0.030791858579946263,8.0,12.0,22.0,8.0,15.0,24.0,7.0,13.0,20.0,sec:heldout
SMN2,0,0.3059190436300607,0.30477839254761,0.5268365169578186,0.4929843575426769,0.5288698569914769,0.002033340033658293,0.03588549944880004,5.0,9.0,11.0,6.0,9.0,11.0,5.0,10.0,15.0,sec:heldout
RAE1,0,0.5131007443480831,0.24989127254388666,0.3906921208267269,0.4903953936272942,0.42004606165851194,0.029353940831785053,-0.07034933196878224,4.0,7.0,10.0,6.0,8.0,11.0,4.0,7.0,15.0,sec:heldout
RAI14,0,0.26903059251237454,-0.05139278721120977,0.5723454426712538,0.569686205524491,0.6182037196947703,0.045858277023516525,0.048517514170279274,8.0,13.0,20.0,9.0,13.0,16.0,8.0,16.0,22.0,sec:heldout
ORC4,0,0.2516477763022564,0.546282632889615,0.6255483853854624,0.6526386432841258,0.5818944438867532,-0.04365394149870927,-0.07074419939737264,7.0,10.0,16.0,7.0,11.0,15.0,7.0,8.0,14.0,sec:heldout
EIF2S1,0,0.38283403333518545,0.4021509119789592,0.4972514262868762,0.5455280879185743,0.5230745468851863,0.0258231205983101,-0.022453541033388036,4.0,7.0,11.0,6.0,6.0,10.0,3.0,9.0,15.0,sec:heldout
SNRNP48,0,0.38195707477488683,0.17866335640718786,0.37607646065683675,0.4074243473199139,0.39884134525684006,0.02276488460000331,-0.00858300206307383,4.0,7.0,12.0,5.0,9.0,13.0,4.0,6.0,13.0,sec:heldout
SEC61B,0,0.3281778422407487,0.03525295782178342,0.1595222115407276,0.3661874920713506,0.07773658088270503,-0.08178563065802257,-0.2884509111886456,1.0,2.0,6.0,3.0,7.0,11.0,0.0,2.0,4.0,sec:heldout
PIH1D1,0,-0.09749828135673033,0.445477330500502,0.01517818422919247,0.17024161072834687,0.3731587066890998,0.3579805224599073,0.2029170959607529,0.0,0.0,2.0,1.0,4.0,6.0,4.0,4.0,6.0,sec:heldout
POLRMT,0,0.14951906467772694,0.3085324128755506,0.3737900058817818,0.3760540687746891,0.43817623357464264,0.06438622769286084,0.06212216479995353,6.0,11.0,19.0,6.0,9.0,12.0,6.0,13.0,18.0,sec:heldout
RNF44,0,0.20563054977121564,0.11849688577257848,0.19487902562796208,0.04250747584444874,0.18813896835833144,-0.006740057269630645,0.1456314925138827,2.0,4.0,7.0,0.0,0.0,2.0,2.0,3.0,5.0,sec:heldout
CCDC71L,0,0.18064022342067776,0.12964476229462935,0.24744281995296394,0.125616671836325,0.18005100942650362,-0.06739181052646032,0.05443433759017863,3.0,3.0,8.0,0.0,1.0,3.0,3.0,5.0,7.0,sec:heldout
TTI1,0,0.35865931663323064,0.13528502805633066,0.463347084935325,0.5752114554372021,0.5241670339251857,0.060819948989860706,-0.05104442151201638,6.0,10.0,13.0,8.0,12.0,15.0,7.0,12.0,15.0,sec:heldout
BCCIP,0,0.424464369006529,0.5407912311804767,0.5849659704708271,0.5318489559849598,0.6322422046325203,0.04727623416169324,0.1003932486475605,9.0,14.0,18.0,8.0,12.0,14.0,9.0,14.0,27.0,sec:heldout
WRAP53,0,0.008736106803246374,0.09514363733198332,0.17626059646259362,0.24880339356203507,0.17292259787667005,-0.0033379985859235684,-0.07588079568536502,1.0,2.0,3.0,2.0,3.0,3.0,1.0,1.0,7.0,sec:heldout
PRPF40A,0,0.36172045086451227,0.14916344155000494,0.5344447247607181,0.48982783192694246,0.5810731869055307,0.04662846214481253,0.09124535497858821,6.0,9.0,12.0,7.0,10.0,13.0,7.0,8.0,16.0,sec:heldout
NOL8,0,0.42716119517632095,0.4748441651559869,0.6450244572810441,0.5952869869238435,0.6436843448763353,-0.001340112404708771,0.04839735795249178,10.0,16.0,20.0,9.0,16.0,19.0,10.0,17.0,25.0,sec:heldout
ENDOG,0,0.04810040042553803,0.09681121500092342,-0.19655218785284034,-0.10993675418360838,0.0362186307860956,0.23277081863893595,0.14615538496970398,0.0,0.0,0.0,0.0,0.0,1.0,1.0,1.0,2.0,sec:heldout
CRIPT,0,-0.5363156110483366,0.1362662587005414,-0.18875677685484418,-0.26776542420167443,-0.08995724207057199,0.0987995347842722,0.17780818213110244,0.0,0.0,2.0,0.0,0.0,2.0,0.0,0.0,2.0,sec:heldout
ING5,0,-0.20362687018399792,0.016357041107953132,0.028156823964805674,0.08087226994553189,0.055275719307984826,0.027118895343179152,-0.02559655063754706,1.0,2.0,4.0,0.0,2.0,5.0,0.0,0.0,2.0,sec:heldout
ZDHHC7,0,0.46689320752704006,0.27901765353026314,0.4526851955946803,0.473753923672164,0.477338018497189,0.024652822902508698,0.003584094825024975,4.0,5.0,8.0,6.0,6.0,9.0,4.0,5.0,9.0,sec:heldout
TRIP4,0,-0.08814553653548131,-0.014323728439166324,0.048991327096325026,0.023274707926188003,0.1155932600284116,0.06660193293208658,0.09231855210222359,1.0,2.0,5.0,1.0,3.0,7.0,2.0,3.0,4.0,sec:heldout
CNBP,0,0.11682919613794096,0.22637225221693788,0.4133904963530914,0.35958925404070324,0.43167062346104235,0.01828012710795096,0.0720813694203391,6.0,13.0,17.0,6.0,13.0,20.0,6.0,11.0,18.0,sec:heldout
ITGB1BP1,0,0.209611136397529,0.3677194249256677,0.46116595699792945,0.5216695925187621,0.6512184446247066,0.19005248762677712,0.12954885210594447,6.0,8.0,13.0,8.0,12.0,18.0,7.0,9.0,13.0,sec:heldout
ELP1,0,0.024677206086817862,-9.690905766835886e-05,0.5192275250485153,0.16231181510957407,0.4636709586256565,-0.05555656642285883,0.3013591435160824,6.0,8.0,13.0,2.0,3.0,7.0,5.0,8.0,14.0,sec:heldout
SRSF6,0,0.019233220239446777,0.023276244609085336,0.006567407627204547,-0.21568443498725753,0.012334364039038865,0.005766956411834318,0.2280187990262964,0.0,0.0,2.0,0.0,0.0,0.0,0.0,0.0,1.0,sec:heldout
MRPL52,0,0.1893319838017374,0.5078622832564174,0.6288195203865324,0.600733511164372,0.5943162749882182,-0.034503245398314286,-0.006417236176153862,7.0,12.0,17.0,8.0,13.0,17.0,7.0,13.0,18.0,sec:heldout
TOR1B,0,0.32051415321577226,0.12822055209623995,0.4378198459711389,0.4813473736436427,0.4299538448627494,-0.007866001108389475,-0.051393528780893316,6.0,7.0,9.0,6.0,8.0,10.0,4.0,7.0,12.0,sec:heldout
DLD,0,0.44049655504979146,0.020720689997457315,0.41595052894053647,0.4989093216986637,0.475303398534779,0.05935286959424252,-0.023605923163884712,5.0,7.0,9.0,6.0,9.0,11.0,5.0,6.0,14.0,sec:heldout
NUB1,0,0.2740998596784839,0.015945427992242085,0.22275750735520142,0.2343613775627423,0.2357427993080998,0.012985291952898381,0.0013814217453574917,2.0,5.0,7.0,3.0,5.0,7.0,3.0,5.0,13.0,sec:heldout
TTC1,0,0.2613858865992045,0.27025604171094025,0.5749316314567176,0.632340405735926,0.6080985375585334,0.03316690610181583,-0.0242418681773926,7.0,13.0,16.0,8.0,10.0,14.0,7.0,12.0,22.0,sec:heldout
TENT4A,0,0.19434761975508782,-0.018113382630140326,-0.18569511548622056,0.08484077860101759,-0.2057040504680404,-0.020008934981819854,-0.290544829069058,0.0,0.0,0.0,3.0,4.0,5.0,0.0,0.0,2.0,sec:heldout
UBE2V1,0,0.29937255977721583,-0.005412548084041918,0.33941924822912967,0.32529968790955216,0.2684799288219329,-0.07093931940719678,-0.05681975908761927,2.0,3.0,6.0,3.0,4.0,7.0,2.0,3.0,6.0,sec:heldout
WDR36,0,0.16701261205708992,0.7199524631742976,0.6065016980212548,0.5369728335921155,0.6876682289431346,0.08116653092187986,0.15069539535101917,10.0,14.0,16.0,9.0,12.0,13.0,10.0,17.0,23.0,sec:heldout
CD3EAP,0,0.3910436702962077,0.5907324316508761,0.6765013030010579,0.5956456154935575,0.691521193835387,0.015019890834329086,0.09587557834182947,10.0,17.0,21.0,9.0,15.0,15.0,9.0,18.0,26.0,sec:heldout
XPO1,0,0.48103595504753677,0.04181623852443165,0.43022993034995943,0.5056701352940906,0.46025454104606656,0.030024610696107124,-0.045415594248023994,3.0,5.0,8.0,6.0,7.0,10.0,3.0,6.0,9.0,sec:heldout
TWNK,0,0.16455713943170985,0.4323405135907265,0.6859401391582022,0.6487303236188524,0.6837398282200869,-0.0022003109381152353,0.03500950460123453,9.0,15.0,23.0,8.0,14.0,18.0,8.0,15.0,24.0,sec:heldout
ZMYM4,0,0.16399855581741,0.5492120977492814,0.6188275798188337,0.5658421652997032,0.7021767660356734,0.08334918621683962,0.13633460073597015,8.0,13.0,15.0,7.0,14.0,15.0,9.0,14.0,24.0,sec:heldout
CCNK,0,0.08240492857990285,0.03610770534400228,0.4220117197711028,0.4316805558483592,0.501632148795815,0.07962042902471217,0.06995159294745579,5.0,10.0,17.0,5.0,9.0,12.0,7.0,11.0,16.0,sec:heldout
NOSIP,0,-0.30574795936954696,0.015502066389700022,-0.24606095313640775,0.02480151793486421,-0.22689596783930224,0.019164985297105502,-0.25169748577416645,0.0,1.0,2.0,2.0,3.0,4.0,0.0,0.0,2.0,sec:heldout
NOB1,0,0.19943085987738796,0.6439719076910034,0.6369051432783651,0.5565669549822797,0.7286946502648767,0.09178950698651156,0.17212769528259697,9.0,13.0,14.0,7.0,11.0,12.0,10.0,15.0,21.0,sec:heldout
PRDX1,0,0.332718333864323,0.052787289375617386,0.17161168633336843,0.2120290727041855,0.1839251427396671,0.012313456406298662,-0.02810392996451841,0.0,1.0,4.0,1.0,2.0,4.0,1.0,2.0,7.0,sec:heldout
HADHB,0,0.42223259644632827,0.012181836993231178,0.21495626223661982,0.09539042832813567,0.2266821518766001,0.01172588963998028,0.1312917235484644,3.0,3.0,4.0,2.0,2.0,4.0,3.0,3.0,3.0,sec:heldout
BAG6,0,0.15277731196774036,-0.048580358701606124,0.0322015779030541,0.05669774095646387,0.005230828962228591,-0.026970748940825507,-0.05146691199423528,0.0,0.0,2.0,1.0,2.0,3.0,0.0,1.0,1.0,sec:heldout
PSMB1,0,0.2939202702944618,0.07249053889761907,0.21003977493062553,0.3842424740803964,0.230389584637353,0.02034980970672748,-0.1538528894430434,2.0,4.0,7.0,5.0,9.0,12.0,3.0,5.0,8.0,sec:heldout
FBLIM1,0,0.058705601261279265,-0.07761131260215214,-0.03410291257907948,-0.00028171144058543145,-0.13785575641107092,-0.10375284383199145,-0.1375740449704855,1.0,1.0,3.0,0.0,1.0,3.0,0.0,0.0,1.0,sec:heldout
ELP4,0,0.1286027881606644,0.37391266206381496,0.4869474164896241,0.5469441155300655,0.5176649891166623,0.03071757262703817,-0.029279126413403245,6.0,7.0,11.0,7.0,8.0,12.0,4.0,9.0,15.0,sec:heldout
PDLIM4,0,0.1010247119346136,0.6850881898820841,0.6862473349579634,0.6503394956693057,0.7286159735371576,0.04236863857919415,0.07827647786785186,9.0,13.0,20.0,10.0,14.0,17.0,9.0,13.0,19.0,sec:heldout
SNRPD1,0,0.28211402194157625,0.21324196876017698,0.45248090958713055,0.4399417791400639,0.4673996015016151,0.014918691914484528,0.0274578223615512,5.0,8.0,11.0,6.0,9.0,12.0,5.0,8.0,13.0,sec:heldout
AKIRIN1,0,0.2896197457184931,0.05227938340351842,0.36085634438823244,0.4589594537699897,0.38364810791106235,0.02279176352282991,-0.07531134585892735,4.0,7.0,9.0,5.0,8.0,12.0,3.0,5.0,14.0,sec:heldout
RFC2,0,0.2749339882533537,0.48684878209645577,0.6526336449803459,0.6570189167169642,0.697705911484098,0.04507226650375207,0.04068699476713378,8.0,13.0,16.0,8.0,13.0,16.0,8.0,12.0,16.0,sec:heldout
ZNF491,0,-0.39902641611518047,0.0915806894768025,-0.6231734495566691,-0.5805042030060316,-0.21047093373081327,0.4127025158258558,0.3700332692752183,0.0,0.0,0.0,0.0,0.0,3.0,2.0,2.0,2.0,sec:heldout
ISOC2,0,-0.07433793822308646,0.10179047865201019,-0.017546741302610525,0.17571291583768878,0.15787883955323423,0.17542558085584475,-0.017834076284454548,1.0,1.0,7.0,2.0,2.0,6.0,2.0,3.0,5.0,sec:heldout
TOR3A,0,-0.47835233111051606,-0.04070649850432812,-0.04881074651868475,0.137462893914551,-0.04203034817305392,0.0067803983456308295,-0.17949324208760492,1.0,2.0,3.0,0.0,1.0,2.0,1.0,1.0,2.0,sec:heldout
TBL3,0,0.22569347673183823,0.7482137851726539,0.6754510997879807,0.600814606657739,0.745668155432448,0.07021705564446734,0.14485354877470902,10.0,16.0,17.0,9.0,14.0,15.0,10.0,18.0,26.0,sec:heldout
MCM4,0,0.29387175613426436,0.529591710154445,0.5622236779749257,0.6331882355203938,0.6467452765833871,0.08452159860846142,0.01355704106299327,8.0,11.0,16.0,8.0,13.0,19.0,8.0,12.0,17.0,sec:heldout
PPIH,0,0.37959928155440953,0.08822928506814963,0.593354840052004,0.6077378560925607,0.6066569634282645,0.013302123376260466,-0.001080892664296229,5.0,9.0,13.0,5.0,9.0,12.0,5.0,9.0,15.0,sec:heldout
YWHAB,0,0.1987422035122323,-0.02875411293085604,-0.009730481882701212,0.015330626947092666,-0.07536958205629263,-0.06563910017359141,-0.0907002090033853,0.0,1.0,3.0,1.0,1.0,1.0,0.0,0.0,1.0,sec:heldout
CALR,0,0.06348401929640736,0.3615491446571964,0.5833552948584146,0.5670601431624556,0.6137845129983578,0.03042921813994315,0.046724369835902224,8.0,12.0,21.0,8.0,15.0,19.0,9.0,12.0,23.0,sec:heldout
NF1,0,-0.08830455207379954,-0.016333371475903753,0.35185416076186254,0.42387557726835423,0.26858972225814226,-0.08326443850372028,-0.15528585501021197,7.0,8.0,12.0,9.0,11.0,13.0,6.0,8.0,10.0,sec:heldout
DLX2,0,0.3271462568899952,0.0500090890111168,0.5011328861868384,0.3902308968556681,0.33834094724757274,-0.16279193893926563,-0.05188994960809534,5.0,8.0,10.0,4.0,5.0,8.0,3.0,6.0,7.0,sec:heldout
GLRX2,0,-0.04933559760041447,0.017527955338144687,0.028562166971770095,0.22092861254270946,-0.016696387609342642,-0.045258554581112734,-0.2376250001520521,0.0,3.0,5.0,2.0,3.0,4.0,0.0,1.0,3.0,sec:heldout
NCOA6,0,0.11845296035442528,0.0744738027254162,-0.07609991993075153,-0.21084359529855143,-0.04793276860193845,0.028167151328813082,0.16291082669661297,0.0,0.0,3.0,0.0,1.0,3.0,0.0,0.0,2.0,sec:heldout
VPS8,0,0.14072991327268577,-0.1176386387186939,0.14263530860943963,0.13753093202757727,0.08784816125873263,-0.054787147350707,-0.04968277076884464,3.0,3.0,4.0,2.0,2.0,5.0,2.0,4.0,7.0,sec:heldout
MRPL19,0,0.22551443415506078,0.564842563883512,0.5927231347605956,0.6006561886901504,0.6203059161114282,0.027582781350832586,0.019649727421277796,8.0,12.0,17.0,8.0,14.0,17.0,8.0,13.0,20.0,sec:heldout
GP1BB,0,0.2162647127847073,-0.04758894917131723,0.07045957551728665,0.04219895387689004,0.025791587807895422,-0.04466798770939123,-0.016407366068994615,1.0,1.0,3.0,1.0,1.0,1.0,1.0,1.0,3.0,sec:heldout
C9orf16,0,0.24504537129437112,0.18762406977312318,0.09559616074279638,0.4421381503816786,0.18849727483251058,0.0929011140897142,-0.25364087554916803,2.0,3.0,5.0,6.0,10.0,11.0,2.0,3.0,6.0,sec:heldout
RINT1,0,0.2866895521922895,0.12279225198791129,0.515804939097923,0.5484555790995607,0.5442353491742785,0.028430410076355495,-0.0042202299252821485,5.0,10.0,14.0,5.0,10.0,13.0,4.0,9.0,19.0,sec:heldout
MRPL32,0,0.10292588427655365,0.5756061316057227,0.6908629329367161,0.6592956913869434,0.7054367794349462,0.014573846498230125,0.046141088048002765,8.0,12.0,18.0,8.0,14.0,17.0,8.0,14.0,20.0,sec:heldout
POGK,0,-0.43612718728222727,-0.021194171692948644,-0.0969460839529666,0.00031826968849691376,-0.0702873384759125,0.026658745477054102,-0.0706056081644094,0.0,1.0,2.0,1.0,1.0,2.0,1.0,2.0,6.0,sec:heldout
ZNF335,0,0.2263271981982841,0.32665985402812137,-0.038245121008262856,0.1385341481088496,0.0388304843827656,0.07707560539102845,-0.099703663726084,2.0,4.0,5.0,1.0,1.0,3.0,3.0,3.0,6.0,sec:heldout
PPP1R2,0,0.17120167174547327,0.1534136548091572,0.3189543551496401,0.4003774168782614,0.4402737413709255,0.12131938622128541,0.039896324492664115,4.0,7.0,10.0,4.0,7.0,12.0,7.0,10.0,17.0,sec:heldout
RFX6,0,-0.1120560354958426,0.07445836561069429,-0.06300823285287437,-0.15981314092410903,-0.12880545325761292,-0.06579722040473855,0.031007687666496114,0.0,1.0,3.0,0.0,0.0,0.0,1.0,2.0,3.0,sec:heldout
MAN1A2,0,0.17904497797742638,0.10532389126869367,0.4195331034228303,0.47310383687559715,0.46195287385066647,0.04241977042783618,-0.011150963024930682,6.0,7.0,12.0,5.0,8.0,12.0,6.0,9.0,14.0,sec:heldout
DDX3X,0,0.301711895320901,0.3348397935930336,0.204603218778167,0.36647592224166653,0.35708544114155893,0.15248222236339193,-0.009390481100107595,3.0,5.0,8.0,3.0,5.0,10.0,4.0,7.0,11.0,sec:heldout
POLR1A,0,0.38223915222942906,0.5443287245239761,0.5833540877953843,0.4771362511801487,0.6322765748933353,0.048922487097950995,0.15514032371318665,10.0,15.0,16.0,8.0,14.0,15.0,10.0,15.0,25.0,sec:heldout
ABCC1,0,0.38410036175257983,-0.05999561617709831,0.12656619845145187,0.28837167979674305,0.153163551533376,0.026597353081924124,-0.13520812826336706,1.0,1.0,1.0,3.0,5.0,5.0,1.0,1.0,3.0,sec:heldout
POLR2M,0,0.3637279434447849,0.36775834221915066,0.42375506166438304,0.5153557390230645,0.45906759774560096,0.03531253608121793,-0.056288141277463566,6.0,8.0,11.0,7.0,11.0,15.0,6.0,8.0,12.0,sec:heldout
CHMP1A,0,0.3418422820961373,0.010568893319753546,0.2856354522872849,0.40821880827927187,0.3273212932984987,0.04168584101121381,-0.08089751498077319,2.0,6.0,11.0,4.0,5.0,15.0,3.0,6.0,13.0,sec:heldout
PEX1,0,0.40507743406163765,0.2291017721702732,0.36444849393491713,0.4761935614060751,0.39479397774757635,0.030345483812659224,-0.08139958365849875,2.0,3.0,5.0,5.0,7.0,10.0,2.0,4.0,9.0,sec:heldout
EIF3F,0,0.4918063690242563,0.19504952274102463,0.5079842051324926,0.5257733574060032,0.5332544611376929,0.025270256005200276,0.007481103731689753,5.0,6.0,9.0,6.0,8.0,11.0,6.0,8.0,14.0,sec:heldout
COPS2,0,0.286948317070763,0.17096832488019706,0.5487813915214421,0.5283595304071679,0.5611083567582736,0.012326965236831522,0.032748826351105764,6.0,9.0,14.0,7.0,9.0,13.0,5.0,9.0,14.0,sec:heldout
BZW1,0,0.0785334338132109,0.01584627646028978,0.14966852167786385,-0.031143580769709245,0.02795700199876015,-0.1217115196791037,0.0591005827684694,1.0,2.0,3.0,0.0,0.0,1.0,0.0,0.0,2.0,sec:heldout
EXOC5,0,0.2996012354469453,0.014630248715860198,0.3421542558190265,0.31349389229360874,0.3328368103678301,-0.009317445451196393,0.019342918074221338,3.0,7.0,10.0,4.0,6.0,10.0,3.0,8.0,12.0,sec:heldout
ALKBH4,0,-0.536912458767948,0.10736398443428626,-0.2707725846181238,-0.3630695678448359,-0.12677717678654102,0.1439954078315828,0.2362923910582949,0.0,1.0,1.0,0.0,0.0,0.0,0.0,0.0,3.0,sec:heldout
RAB10,0,0.199127677745328,0.029794076837743568,0.07740203038703473,-0.22681015274289903,0.05159068343658472,-0.025811346950450016,0.27840083617948375,0.0,1.0,2.0,0.0,0.0,1.0,1.0,1.0,2.0,sec:heldout
HCFC1,0,0.2962763899733683,-0.003604835705017731,0.28096516202899574,0.34899176258655323,0.24003546294593603,-0.04092969908305971,-0.1089562996406172,3.0,5.0,6.0,4.0,9.0,11.0,2.0,4.0,8.0,sec:heldout
RPRD1B,0,0.21261511463693972,0.12145726221318665,0.28435622272096167,0.2855467666519084,0.28603096221809937,0.0016747394971377005,0.00048419556619094806,4.0,6.0,11.0,4.0,6.0,7.0,5.0,6.0,9.0,sec:heldout
MAX,0,0.3230849711005303,0.4012339367598386,0.4745484855112507,0.56925394394423,0.5409237993638075,0.06637531385255685,-0.02833014458042249,6.0,10.0,14.0,8.0,14.0,17.0,7.0,11.0,14.0,sec:heldout
COX15,0,0.3800346464385409,-0.020090137138692666,0.6030880535491795,0.6302498232278068,0.6287299846077775,0.025641931058598022,-0.0015198386200292457,6.0,9.0,15.0,5.0,12.0,16.0,6.0,10.0,16.0,sec:heldout
HMGA1,0,0.13561897248668212,-0.010443486063874198,-0.010969460557048607,-0.12401585916429296,-0.2936012708515487,-0.2826318102945001,-0.16958541168725572,2.0,5.0,8.0,0.0,1.0,4.0,0.0,0.0,1.0,sec:heldout
FCGRT,0,0.21483721019868776,0.4243482569908492,0.5069798085601235,0.5022242156961672,0.53683326529232,0.029853456732196526,0.03460904959615285,6.0,9.0,11.0,6.0,10.0,12.0,6.0,9.0,14.0,sec:heldout
RPS12,0,0.19757114829296415,0.6084257209838584,0.6310879204877087,0.5615222837938725,0.7116538600138469,0.08056593952613822,0.15013157621997442,9.0,16.0,17.0,9.0,14.0,15.0,10.0,17.0,24.0,sec:heldout
USPL1,0,0.24238783709766545,0.3034760947210111,0.45103021582347164,0.42549207197960137,0.4633125055824629,0.01228228975899126,0.037820433602861525,4.0,9.0,12.0,6.0,9.0,11.0,4.0,10.0,15.0,sec:heldout
IPO5,0,-0.5514837676321903,0.03977304268784448,-0.5877550731745836,-0.46037768785998057,-0.46754649965242995,0.1202085735221537,-0.007168811792449381,0.0,1.0,2.0,1.0,1.0,2.0,0.0,1.0,3.0,sec:heldout
CENPK,0,0.44732631470838075,0.13316615900636095,0.46910271488870553,0.5392083171683831,0.48839017854695316,0.019287463658247628,-0.050818138621429976,5.0,7.0,11.0,7.0,10.0,16.0,4.0,8.0,12.0,sec:heldout
EP400,0,0.3017663299513192,0.31669522784382825,0.5219423403050603,0.5629059374730151,0.573370225196388,0.05142788489132777,0.010464287723372934,9.0,13.0,15.0,8.0,14.0,16.0,9.0,12.0,17.0,sec:heldout
MCRS1,0,0.043993035722542144,0.09095945831094678,0.4698626419860112,0.5702346630190925,0.46482403003123585,-0.0050386119547753405,-0.10541063298785669,6.0,7.0,13.0,7.0,11.0,15.0,7.0,9.0,13.0,sec:heldout
ETFA,0,0.11516708463075302,0.5640322463745054,0.25502739040949957,0.4500678635472502,0.48495094977636555,0.22992355936686598,0.034883086229115345,3.0,5.0,12.0,5.0,7.0,11.0,6.0,8.0,13.0,sec:heldout
RBM14-RBM4,0,0.3600135075766063,0.08415417846474584,0.4703585748943829,0.5309690296680449,0.5663760241608208,0.0960174492664379,0.035406994492775845,5.0,6.0,9.0,7.0,10.0,13.0,6.0,7.0,15.0,sec:heldout
CNOT4,0,-0.6200356935697894,0.04147428805811813,0.2291067268245699,-0.17103836866277433,0.1760293502809015,-0.0530773765436684,0.34706771894367583,1.0,1.0,1.0,1.0,2.0,3.0,0.0,2.0,6.0,sec:heldout
TUBA1C,0,0.08383218756047671,-0.11871133062588173,0.014481600938223657,0.04103498062287728,0.02937502236364037,0.014893421425416711,-0.011659958259236915,0.0,0.0,1.0,1.0,2.0,6.0,0.0,0.0,2.0,sec:heldout
AMPD3,0,0.009235585732513384,-0.03183911994534544,0.11136129778067805,0.15732550726570307,0.010496611502837476,-0.10086468627784057,-0.1468288957628656,1.0,1.0,1.0,1.0,1.0,1.0,0.0,0.0,3.0,sec:heldout
SOD1,0,0.2227822095737885,-0.06715980948644991,0.3756766699916656,0.3138354712940644,0.23584292260041528,-0.13983374739125032,-0.07799254869364913,4.0,7.0,8.0,2.0,5.0,7.0,3.0,4.0,11.0,sec:heldout
SFXN1,0,0.22092315159837408,0.06237890503803967,0.4047874576349084,0.4569684787925568,0.46822604451301153,0.06343858687810311,0.01125756572045472,4.0,7.0,11.0,5.0,9.0,14.0,5.0,6.0,9.0,sec:heldout
SUZ12,0,0.004403099643564068,-0.004939562121934441,0.12423672741265857,-0.051539232536088185,0.1734876449161239,0.04925091750346533,0.2250268774522121,1.0,2.0,5.0,1.0,1.0,2.0,1.0,2.0,3.0,sec:heldout
CNOT3,0,0.4373023960657643,0.10014486333455684,0.4531695359601317,0.46202100557945736,0.49148100952500134,0.038311473564869636,0.02946000394554399,7.0,9.0,11.0,6.0,9.0,11.0,6.0,9.0,15.0,sec:heldout
ZNF786,0,0.19048045532392144,0.09360376083128032,0.4600841821366621,0.445358404042647,0.21338142132378635,-0.24670276081287573,-0.23197698271886064,6.0,8.0,10.0,7.0,10.0,12.0,2.0,6.0,10.0,sec:heldout
UTP11,0,0.2130202700758422,0.7099581560734608,0.659704750417886,0.5916767970935396,0.7375882198026636,0.07788346938477764,0.14591142270912405,10.0,14.0,16.0,9.0,12.0,13.0,10.0,17.0,23.0,sec:heldout
SRF,0,-0.5594723234078831,0.250044645601782,0.17072654993032854,0.026983014015743132,0.3064720939847949,0.13574554405446637,0.27948907996905176,0.0,1.0,1.0,1.0,1.0,2.0,2.0,3.0,6.0,sec:heldout
ZFP36L2,0,-0.04321079624657479,-0.042848892512887427,0.17425336807445968,-0.19529442648828255,0.15875757869205523,-0.015495789382404451,0.35405200518033775,2.0,4.0,8.0,0.0,1.0,1.0,2.0,3.0,8.0,sec:heldout
DNAJC19,0,0.31400096272487193,0.3430584868851059,0.5404197353588204,0.5845989271938834,0.5680073026273688,0.027587567268548385,-0.01659162456651464,6.0,10.0,13.0,6.0,9.0,13.0,6.0,11.0,21.0,sec:heldout
ZNF704,0,0.4253393793040128,-0.049379919302545296,0.3321471223136899,0.35035680283856613,0.21881873376115213,-0.1133283885525378,-0.131538069077414,4.0,6.0,9.0,5.0,7.0,8.0,2.0,5.0,6.0,sec:heldout
SRRM2,0,0.12337046884394566,0.1409603267005353,0.2836534727411492,0.3372885922666448,0.2970749087421484,0.01342143600099921,-0.04021368352449639,4.0,6.0,15.0,6.0,10.0,12.0,3.0,10.0,17.0,sec:heldout
DTYMK,0,0.06664101899553093,0.6793367066510411,0.6812311069261564,0.664818729813682,0.7204419606479241,0.03921085372176769,0.05562323083424214,9.0,13.0,19.0,8.0,12.0,16.0,9.0,13.0,21.0,sec:heldout
COPRS,0,-0.05478508119585285,0.20445885498220942,0.4501948381427526,0.3011866552599585,0.5816112353677401,0.1314163972249875,0.28042458010778154,5.0,10.0,13.0,4.0,5.0,6.0,7.0,11.0,17.0,sec:heldout
APIP,0,-0.6170210287949471,0.09305194565260295,-0.025500780583575144,0.008063444473866931,-0.039158543563592364,-0.01365776298001722,-0.04722198803745929,1.0,1.0,2.0,0.0,0.0,3.0,0.0,1.0,2.0,sec:heldout
COPS8,0,0.28142336067685464,0.20333551024185004,0.5193956210024405,0.5131050843202137,0.5474810499971994,0.028085428994758854,0.03437596567698564,4.0,8.0,16.0,5.0,9.0,11.0,3.0,8.0,14.0,sec:heldout
SPHK1,0,-0.11679187839741186,-0.05210682670403094,-0.1718966570556797,-0.0076739015676247635,0.06133812227270304,0.23323477932838274,0.06901202384032781,1.0,1.0,3.0,0.0,2.0,3.0,0.0,2.0,5.0,sec:heldout
UQCRB,0,0.2951918723950016,0.2804796373113991,0.6307527181752364,0.5927794833743565,0.6382872495049569,0.007534531329720484,0.04550776613060037,8.0,12.0,18.0,8.0,12.0,15.0,8.0,12.0,19.0,sec:heldout
MAP7D3,0,0.155160535160034,0.14808366144371662,0.059567254444059504,0.016934177673788162,0.07170238315943671,0.012135128715377204,0.05476820548564855,1.0,1.0,5.0,0.0,1.0,7.0,1.0,2.0,5.0,sec:heldout
RNMT,0,0.2704870019745263,0.19402583714578306,0.5090282594456371,0.4490471671377024,0.5484573132779161,0.039429053832279015,0.09941014614021376,9.0,12.0,14.0,8.0,10.0,12.0,8.0,13.0,22.0,sec:heldout
NACA,0,0.4787226512980431,-0.025718261263231842,0.4369475054552115,0.4471233185898009,0.5092625194377948,0.07231501398258328,0.06213920084799385,5.0,5.0,8.0,5.0,5.0,8.0,6.0,7.0,12.0,sec:heldout
YPEL5,0,0.36240799963013565,0.1068396776668682,0.4699080481160585,0.37373562546651146,0.42775509500447534,-0.04215295311158318,0.05401946953796388,5.0,7.0,13.0,4.0,5.0,9.0,5.0,6.0,9.0,sec:heldout
TBPL1,0,0.21076883916631495,0.09891206797399822,0.40648577404153446,0.5176620903950931,0.3961219717205395,-0.010363802320994986,-0.12154011867455367,5.0,6.0,9.0,4.0,9.0,11.0,4.0,5.0,14.0,sec:heldout
PEBP1,0,-0.1863818100345158,-0.15656504587371317,-0.4269560549001074,-0.2803383669998456,-0.47960909908295474,-0.05265304418284733,-0.19927073208310914,0.0,0.0,1.0,0.0,2.0,3.0,0.0,0.0,2.0,sec:heldout
GIGYF2,0,0.4657431015683979,-0.011202616212635163,0.37104220540535743,0.42194173291751885,0.36056459716020245,-0.010477608245154979,-0.0613771357573164,4.0,6.0,10.0,5.0,6.0,8.0,3.0,8.0,11.0,sec:heldout
SHC1,0,0.2429522616760549,0.15527023442200408,0.4339471025337393,0.47232180496389203,0.46138581612567514,0.027438713591935837,-0.010935988838216892,5.0,13.0,18.0,7.0,13.0,17.0,6.0,13.0,22.0,sec:heldout
ETF1,0,0.295734293273229,0.48337161852705757,0.5559703636321188,0.6282041755462643,0.6314648900779175,0.07549452644579868,0.0032607145316532193,6.0,8.0,11.0,7.0,11.0,15.0,6.0,12.0,21.0,sec:heldout
OGFOD1,0,0.47818348582618037,0.018397054719150596,0.33346219115445885,0.5777699013390966,0.4275048612883717,0.09404267013391282,-0.15026504005072489,4.0,5.0,8.0,8.0,11.0,14.0,4.0,7.0,19.0,sec:heldout
PGBD1,0,-0.2609557560352232,0.08272541511288169,0.09309216559522893,0.07484286130463662,0.12858433518388962,0.035492169588660694,0.053741473879253,0.0,0.0,2.0,1.0,2.0,3.0,0.0,1.0,3.0,sec:heldout
MCM3,0,0.2317063467860647,0.6029054628241178,0.66395751635799,0.6516490322357097,0.6748429813702552,0.010885465012265172,0.023193949134545533,8.0,11.0,17.0,7.0,13.0,17.0,7.0,12.0,17.0,sec:heldout
BNIP1,0,0.2705611404040968,0.14636193048292975,0.4979885347803316,0.5800258918720834,0.5585397841885654,0.06055124940823381,-0.021486107683517996,6.0,8.0,11.0,6.0,10.0,13.0,6.0,9.0,20.0,sec:heldout
PRR12,0,0.04962016908799024,-0.03706526337822113,0.039213881156314113,0.20433161775378839,-0.08444481275442879,-0.12365869391074291,-0.28877643050821716,1.0,1.0,4.0,2.0,3.0,5.0,0.0,0.0,1.0,sec:heldout
TRMT5,0,0.22791651929499715,0.43873461355811366,0.6000661129183883,0.6544770449643225,0.6198811423991417,0.01981502948075342,-0.03459590256518075,8.0,14.0,18.0,9.0,14.0,17.0,7.0,14.0,23.0,sec:heldout
EID1,0,0.34103474805759354,-0.12504524157724098,0.3477189848371535,0.44459445882228055,0.3428280854074727,-0.004890899429680795,-0.10176637341480782,3.0,7.0,11.0,4.0,8.0,12.0,4.0,9.0,12.0,sec:heldout
NT5M,0,-0.04593164784883793,-0.07328584896972068,-0.004221627172031325,0.05614533962030219,-0.05678509563027879,-0.05256346845824746,-0.11293043525058097,0.0,1.0,2.0,0.0,2.0,8.0,0.0,2.0,4.0,sec:heldout
TFDP1,0,0.02451381901281936,0.3053707444308502,0.5110122559188337,0.45126014702680967,0.5712609292731122,0.060248673354278526,0.12000078224630256,9.0,12.0,19.0,6.0,11.0,16.0,9.0,12.0,19.0,sec:heldout
CDCA2,0,0.2145905481978713,-0.12658823972021152,-0.13506040998143617,-0.18898074840882995,-0.15983099491774713,-0.024770584936310958,0.029149753491082814,1.0,1.0,4.0,1.0,1.0,1.0,0.0,1.0,3.0,sec:heldout
APC,0,0.04172776338714801,-0.033135829345696526,-0.11763339718780046,0.1303309890235289,-0.16714347388886264,-0.04951007670106218,-0.29747446291239155,1.0,2.0,2.0,2.0,3.0,4.0,0.0,0.0,4.0,sec:heldout
WDR5,0,0.47092044175719866,0.11375572383406578,0.4314048713259096,0.41047510850715146,0.42976122084104257,-0.001643650484867032,0.019286112333891103,5.0,9.0,9.0,4.0,9.0,12.0,3.0,7.0,12.0,sec:heldout
PDCD10,0,-0.5840660225809552,0.14954750601801745,0.15955825868963727,0.06220261456197879,0.2508321267158025,0.09127386802616524,0.18862951215382373,0.0,0.0,2.0,1.0,1.0,2.0,1.0,1.0,1.0,sec:heldout
USP21,0,0.06244908232089307,0.06421529054333559,0.26147440963399543,0.12038788949649348,0.29335653011787577,0.03188212048388034,0.17296864062138229,3.0,3.0,4.0,2.0,3.0,4.0,3.0,4.0,7.0,sec:heldout
ATP6V1F,0,0.228358804772725,0.17590416674276496,0.2768603837464155,0.27692263462189753,0.3275413457656266,0.05068096201921113,0.05061871114372907,3.0,7.0,12.0,3.0,9.0,16.0,4.0,8.0,11.0,sec:heldout
RBM7,0,0.4319986498265516,0.003652558792724634,0.30949263670009763,0.2750058382755283,0.3331226135596264,0.02362997685952878,0.05811677528409809,2.0,2.0,6.0,2.0,2.0,4.0,2.0,3.0,6.0,sec:heldout
C19orf53,0,0.1447605281530089,-0.03180520243422889,-0.009766900892727026,0.05403961627670172,0.09249435882674191,0.10226125971946894,0.03845474255004019,1.0,2.0,3.0,3.0,4.0,5.0,2.0,4.0,8.0,sec:heldout
EMC8,0,-0.5462647407370723,0.05999395594321463,-0.044704214188743284,-0.0040586990715903255,-0.06296785016845123,-0.018263635979707947,-0.05890915109686091,0.0,1.0,4.0,1.0,1.0,3.0,0.0,1.0,3.0,sec:heldout
CBFB,0,0.09055602537294986,0.03738735306452941,0.0010482624912680945,0.005444338179504043,-0.01978447422510866,-0.020832736716376754,-0.025228812404612704,0.0,2.0,5.0,1.0,1.0,4.0,0.0,1.0,5.0,sec:heldout
YWHAE,0,0.07808505307276642,0.002510866564423781,0.28986428278350984,0.13323530731341762,0.31208634003502794,0.0222220572515181,0.17885103272161032,4.0,4.0,7.0,1.0,2.0,6.0,3.0,4.0,10.0,sec:heldout
PAM16,0,0.37235740593239636,0.5100822572843206,0.5637179859221323,0.6073501702956615,0.5919561014056111,0.028238115483478765,-0.01539406889005046,6.0,9.0,13.0,7.0,8.0,12.0,6.0,10.0,19.0,sec:heldout
HNRNPAB,0,-0.09400326793268236,0.03852612811811912,-0.3295908488208556,-0.3599111160711385,-0.1860748676340014,0.14351598118685419,0.1738362484371371,0.0,0.0,0.0,0.0,0.0,0.0,2.0,2.0,2.0,sec:heldout
HOMER3,0,0.2330359951951757,-0.043034832337653574,0.4655559833600591,0.32337290904465965,0.372148842881634,-0.09340714047842508,0.04877593383697437,6.0,9.0,11.0,2.0,7.0,7.0,5.0,7.0,10.0,sec:heldout
RRP12,0,0.2572993295233983,0.7206094740938188,0.6645267456050071,0.5899536485839864,0.7277642996080024,0.06323755400299524,0.13781065102401602,10.0,17.0,18.0,8.0,15.0,16.0,10.0,19.0,26.0,sec:heldout
INTS12,0,0.008945812159842864,0.040262030660928476,0.2532816732505013,0.5193783954173864,0.3479680010784292,0.09468632782792785,-0.17141039433895722,2.0,6.0,9.0,4.0,6.0,9.0,3.0,5.0,12.0,sec:heldout
TOMM7,0,-0.2343906253846623,0.12050873763123997,-0.06672551128653827,-0.16983297908691283,-0.0465096538446482,0.02021585744189007,0.12332332524226464,0.0,1.0,2.0,0.0,0.0,2.0,0.0,1.0,1.0,sec:heldout
MAP3K2,0,0.04172132632389117,-0.027947262110891283,-0.07039983331839543,-0.12531400659000666,0.007309433779591264,0.0777092670979867,0.13262344036959792,1.0,1.0,1.0,0.0,1.0,4.0,1.0,1.0,3.0,sec:heldout
THAP2,0,0.07822721587108797,0.16609765601021392,-0.07823049005385327,0.07007410189299577,0.20537463669975922,0.2836051267536125,0.13530053480676346,1.0,1.0,4.0,2.0,3.0,9.0,2.0,2.0,4.0,sec:heldout
CLOCK,0,0.23175671397204908,0.0780362443150814,0.2339743706516143,0.0667504738619497,0.10473044962962223,-0.12924392102199206,0.037979975767672536,3.0,6.0,7.0,3.0,3.0,5.0,2.0,3.0,10.0,sec:heldout
SIPA1,0,0.14253387033150125,0.005471742220799311,0.23134067093724156,0.3360448452839439,0.14219051049698292,-0.08915016044025864,-0.19385433478696099,3.0,5.0,7.0,6.0,6.0,8.0,2.0,2.0,4.0,sec:heldout
COX8A,1,-0.28411787622213464,-0.04563799387798185,0.2614211073479104,0.3309972788066702,0.03660615415667306,-0.22481495319123734,-0.2943911246499971,1.0,5.0,9.0,3.0,5.0,13.0,1.0,1.0,3.0,sec:heldout
PACS2,1,0.3285758772467057,0.013322115228832358,0.5104673990982777,0.5018825804749004,0.5444526665631672,0.0339852674648895,0.042570086088266734,6.0,9.0,15.0,6.0,11.0,16.0,5.0,11.0,18.0,sec:heldout
HIRIP3,1,-0.1139808070974004,0.11995694176860476,0.136457595834331,0.02869825860350858,0.262168472234999,0.125710876400668,0.23347021363149043,1.0,2.0,3.0,1.0,1.0,4.0,2.0,3.0,5.0,sec:heldout
TCF15,1,-0.3607824773496698,0.1796144870665688,0.07145731638134983,0.02414893676309875,-0.04385029003132063,-0.11530760641267046,-0.06799922679441937,0.0,0.0,0.0,0.0,1.0,2.0,0.0,1.0,2.0,sec:heldout
TAB2,1,-0.15435099641211122,0.16190626599871993,0.12900260704152292,0.3280375504729139,0.12806176650693654,-0.0009408405345863735,-0.19997578396597734,2.0,5.0,6.0,3.0,5.0,9.0,2.0,3.0,4.0,sec:heldout
SMTN,1,-0.2525211196467687,-0.08492152013606065,-0.1267716348421399,-0.22260172538816148,-0.03621330083708089,0.09055833400505903,0.1863884245510806,0.0,0.0,2.0,0.0,0.0,0.0,0.0,1.0,2.0,sec:heldout
THOP1,1,0.05815805778943977,0.17391836870525504,-0.0761029639491153,-0.1766112433479753,-0.06158239929792819,0.014520564651187104,0.1150288440500471,0.0,0.0,1.0,0.0,0.0,2.0,1.0,1.0,1.0,sec:heldout
RAB28,1,-0.4938930949402587,-0.08549459535227548,0.034330559324708736,0.018650901742701967,0.0740022977172682,0.03967173839255946,0.05535139597456623,0.0,1.0,2.0,0.0,0.0,0.0,0.0,1.0,4.0,sec:heldout
COMTD1,1,-0.10906696754966272,0.010433801263276863,0.09337957259337111,0.12888299568159275,-0.04724623812557841,-0.14062581071894953,-0.17612923380717116,1.0,3.0,4.0,2.0,3.0,9.0,0.0,0.0,0.0,sec:heldout
SYNCRIP,1,0.3080462709011274,0.5810227992268163,0.6385083955774079,0.6146938013987922,0.6982998106731744,0.059791415095766465,0.08360600927438222,10.0,16.0,22.0,9.0,16.0,22.0,10.0,17.0,28.0,sec:heldout
POP4,1,0.3115792206140143,0.7307739471361812,0.6329075918545221,0.6101563631685624,0.7296140162921363,0.09670642443761424,0.11945765312357393,9.0,16.0,17.0,9.0,15.0,16.0,10.0,17.0,24.0,sec:heldout
TPI1,1,0.3445962967202975,0.48030189265755824,0.37423442602087514,0.5299409461455007,0.4970873197867742,0.12285289376589903,-0.03285362635872652,3.0,6.0,8.0,7.0,9.0,11.0,5.0,8.0,20.0,sec:heldout
HNRNPDL,1,0.3493562935444677,0.20544744983324328,0.4761079251107656,0.41778981977361335,0.4450705372616888,-0.03103738784907678,0.02728071748807548,6.0,11.0,18.0,4.0,9.0,15.0,6.0,10.0,17.0,sec:heldout
NELFA,1,0.14648115248251717,0.16830881545200194,0.36949604613816,0.14133343402952867,0.3801912258722864,0.01069517973412637,0.2388577918427577,6.0,8.0,13.0,3.0,5.0,7.0,4.0,10.0,13.0,sec:heldout
VPS29,1,0.18558934570600796,0.08963204844182647,0.27947044751854966,0.42429484539322543,0.3362243757460491,0.05675392822749942,-0.08807046964717635,2.0,5.0,9.0,5.0,8.0,14.0,3.0,6.0,11.0,sec:heldout
ZNF780A,1,-0.3072001012620378,0.1355773428775746,0.021268855242186625,-0.020361432183149765,0.04118748474235418,0.019918629500167557,0.061548916925503946,0.0,1.0,4.0,1.0,1.0,2.0,0.0,0.0,2.0,sec:heldout
BUD23,1,0.19906362555324178,0.730971197387036,0.6753627308643179,0.6400973001826681,0.7550330547675196,0.07967032390320172,0.1149357545848515,10.0,17.0,18.0,10.0,14.0,15.0,10.0,19.0,26.0,sec:heldout
MICB,1,-0.38336928447178953,0.14565914227962376,-0.18444554696255153,-0.05655642722418397,0.07330974592212931,0.25775529288468085,0.12986617314631327,0.0,0.0,5.0,0.0,1.0,4.0,1.0,1.0,2.0,sec:heldout
SH3GLB2,1,0.29137773324789656,0.24874436782976983,0.4683442915328637,0.5655236806216658,0.5434566470798455,0.07511235554698181,-0.02206703354182027,6.0,7.0,11.0,8.0,9.0,13.0,7.0,8.0,16.0,sec:heldout
SPECC1,1,-0.12812124188142063,0.13368678080514027,-0.21125120395600586,0.021568766034623935,0.002858173215036961,0.2141093771710428,-0.018710592819586973,0.0,0.0,1.0,0.0,0.0,1.0,0.0,1.0,3.0,sec:heldout
ADSL,1,0.20653379185415544,0.06853030286336625,0.42044272145517886,0.48660524832411517,0.38808296648190826,-0.032359754973270594,-0.0985222818422069,2.0,4.0,17.0,5.0,9.0,13.0,2.0,5.0,15.0,sec:heldout
PHF20,1,0.09193944505949847,-0.01892616160912658,0.4537808516879087,0.4877361464577841,0.47939643563069206,0.02561558394278335,-0.008339710827092062,6.0,9.0,14.0,7.0,12.0,14.0,7.0,9.0,12.0,sec:heldout
LIN37,1,0.2543008991634071,0.13422282136691532,0.3256986818297347,0.08160281945682159,0.428381985182093,0.10268330335235826,0.3467791657252714,3.0,6.0,11.0,0.0,2.0,5.0,5.0,8.0,15.0,sec:heldout
SNAPC1,1,0.21932456168315806,0.13762034759475553,0.45037441220002156,0.3880679350551168,0.500310152800027,0.04993574060000544,0.11224221774491022,6.0,9.0,11.0,5.0,7.0,9.0,6.0,10.0,16.0,sec:heldout
EIF2B3,1,0.3128736886860303,0.37789050975027955,0.5042077887654854,0.5641139971379028,0.5307317208916824,0.02652393212619697,-0.033382276246220366,5.0,9.0,14.0,7.0,9.0,13.0,5.0,10.0,19.0,sec:heldout
MLLT6,1,0.0296387115853096,-0.05359336082642365,0.33713534151764285,0.1338770580886287,0.10314176871022585,-0.233993572807417,-0.030735289378402864,4.0,7.0,13.0,0.0,1.0,8.0,2.0,4.0,9.0,sec:heldout
PTP4A1,1,-0.0701406729023844,0.2705555692190333,0.44544470507205897,0.4488594133788924,0.5239701622772387,0.07852545720517973,0.07511074889834629,5.0,8.0,10.0,6.0,9.0,13.0,5.0,11.0,15.0,sec:heldout
HHEX,1,0.3423037117396714,-0.16413927260716224,0.45667801503307004,0.295721924345826,0.4958483823816884,0.03917036734861834,0.20012645803586238,7.0,10.0,11.0,6.0,6.0,7.0,7.0,10.0,15.0,sec:heldout
EIF4H,1,0.3180244278418816,0.09109738473879007,0.19877652034731977,0.23951082589320963,0.2000140617818746,0.0012375414345548452,-0.039496764111335014,2.0,2.0,4.0,1.0,3.0,7.0,2.0,2.0,2.0,sec:heldout
TTPAL,1,-0.24736977171298524,0.2932449941577682,0.015133642071503176,0.10781272724047297,0.062411021937361755,0.04727737986585858,-0.04540170530311122,0.0,0.0,3.0,2.0,2.0,2.0,1.0,2.0,3.0,sec:heldout
IREB2,1,-0.16624899230055193,0.13455003717151257,-0.13035603982189944,-0.27321498033840547,-0.11025437167357256,0.02010166814832688,0.16296060866483292,0.0,2.0,4.0,0.0,0.0,0.0,1.0,1.0,2.0,sec:heldout
NEIL2,1,-0.10865120095343443,0.21237478850141875,0.06794962820534582,0.07756068054461766,0.19533616042730229,0.12738653222195645,0.11777547988268462,1.0,2.0,2.0,1.0,1.0,2.0,1.0,1.0,1.0,sec:heldout
SEH1L,1,0.16475044116999726,0.059606129449464584,0.2615317457090138,0.35740373700759803,0.28592937432319343,0.024397628614179656,-0.0714743626844046,1.0,3.0,7.0,3.0,7.0,14.0,1.0,1.0,12.0,sec:heldout
CNOT1,1,0.3379533188048942,0.18822173800237804,0.5222354320063225,0.5006980514585208,0.5850977344442047,0.06286230243788216,0.0843996829856839,8.0,13.0,15.0,8.0,13.0,15.0,9.0,14.0,22.0,sec:heldout
FOXI3,1,0.3345608322990749,0.17234686118603712,0.3724446175300759,0.36667969581010723,0.4345217540777433,0.06207713654766739,0.06784205826763606,6.0,9.0,10.0,5.0,6.0,7.0,6.0,10.0,17.0,sec:heldout
VARS2,1,0.13474530863565146,0.5274663929281566,0.6412288457922825,0.6432867445654675,0.6785696916964689,0.037340845904186404,0.03528294713100133,9.0,12.0,19.0,9.0,13.0,18.0,9.0,13.0,22.0,sec:heldout
NDUFC2,1,0.24131447561591454,-0.14691953003641262,0.32993106456235144,0.2485455709749785,0.1252732824908709,-0.20465778207148053,-0.1232722884841076,2.0,6.0,10.0,1.0,5.0,9.0,2.0,4.0,7.0,sec:heldout
CACUL1,1,-0.23153405666547897,0.15217256915452393,-0.32118649580061936,-0.4016866727713851,-0.2572852415255275,0.06390125427509186,0.14440143124585758,0.0,0.0,0.0,0.0,0.0,0.0,0.0,0.0,0.0,sec:heldout
THOC6,1,0.3805752964440625,0.17132185677197753,0.332289457355249,0.23620663168342482,0.39190176501318835,0.059612307657939345,0.15569513332976354,3.0,7.0,9.0,4.0,6.0,11.0,4.0,8.0,14.0,sec:heldout
TTI2,1,0.18408300562766464,0.19908311799456305,0.34734086326205144,0.4435674668750815,0.3806293822901911,0.033288519028139674,-0.06293808458489036,3.0,6.0,11.0,5.0,8.0,14.0,4.0,7.0,10.0,sec:heldout
SRRM1,1,0.2638545405269102,0.27566621105825145,0.45932435312419345,0.37190106760216385,0.49364831514010327,0.034323962015909815,0.12174724753793942,4.0,7.0,12.0,3.0,6.0,9.0,4.0,8.0,14.0,sec:heldout
IMPDH2,1,0.24437420200283602,0.5373908016364455,0.5852206966054363,0.6171478462332051,0.6653488656173591,0.08012816901192277,0.048201019384154,7.0,10.0,16.0,6.0,10.0,16.0,8.0,12.0,20.0,sec:heldout
ROMO1,1,0.24690222303646836,0.424237642012213,0.5884775043270606,0.6218204506443316,0.597545697288934,0.009068192961873445,-0.024274753355397527,6.0,9.0,17.0,8.0,9.0,13.0,6.0,11.0,16.0,sec:heldout
METTL14,1,0.2096092114246794,0.037059453671061636,0.2962830248999639,0.3307035006976566,0.34493821286582566,0.04865518796586177,0.014234712168169072,4.0,7.0,10.0,4.0,7.0,11.0,4.0,6.0,10.0,sec:heldout
MDN1,1,0.39560624346560774,0.45051272277831583,0.5419224977814489,0.5309411007092031,0.5907548126124147,0.04883231483096584,0.05981371190321161,8.0,14.0,16.0,8.0,12.0,14.0,8.0,14.0,25.0,sec:heldout
PEF1,1,-0.3038571909217749,0.03353413560190354,-0.2539169037230156,-0.17020298445842533,0.009639264063258853,0.2635561677862745,0.17984224852168418,0.0,0.0,2.0,0.0,1.0,2.0,0.0,1.0,1.0,sec:heldout
LANCL1,1,0.17618713663864086,-0.037131834710880225,0.4206682270843382,0.3582037983241643,0.14820646277868574,-0.2724617643056525,-0.2099973355454786,3.0,5.0,13.0,3.0,6.0,9.0,1.0,1.0,5.0,sec:heldout
RRM1,1,0.021457181113741355,0.6045097519166901,0.597083543059768,0.5848632325547489,0.6189604543850101,0.021876911325242165,0.034097221830261204,10.0,11.0,18.0,7.0,10.0,16.0,9.0,12.0,16.0,sec:heldout
TSR2,1,0.2760867949640125,0.7513104372713751,0.6965603611338662,0.6167432441047238,0.7532754586370324,0.05671509750316617,0.13653221453230857,10.0,19.0,20.0,10.0,15.0,16.0,10.0,19.0,26.0,sec:heldout
CCDC167,1,-0.4376965826938985,-0.14998441024220455,-0.15295309386502295,-0.24104124380489247,-0.18614482166410376,-0.033191727799080806,0.054896422140788714,0.0,1.0,2.0,0.0,0.0,1.0,0.0,1.0,4.0,sec:heldout
COX7C,1,0.14516277224441085,0.4578148372536252,0.6649091935118098,0.6542661269517628,0.6722899805273924,0.007380787015582646,0.018023853575629634,9.0,12.0,20.0,9.0,15.0,19.0,9.0,13.0,20.0,sec:heldout
CMPK2,1,0.02539492364192859,-0.045005091145448005,0.12628803778170553,-0.03411065683527458,0.11681372230501162,-0.009474315476693904,0.1509243791402862,1.0,2.0,2.0,1.0,1.0,3.0,2.0,2.0,3.0,sec:heldout
STAT5B,1,0.14568829153901375,0.24154275416790216,0.3485015221518117,0.5103081384405482,0.4169084262642993,0.06840690411248762,-0.09339971217624893,4.0,7.0,15.0,4.0,9.0,17.0,5.0,8.0,13.0,sec:heldout
CLK2,1,-0.21538685091215481,-0.09812562304071659,-0.2496592787295646,-0.047350982336292154,-0.2006206893658787,0.04903858936368588,-0.15326970702958656,0.0,0.0,1.0,0.0,0.0,2.0,0.0,1.0,2.0,sec:heldout
PIP4K2C,1,0.2420362971999226,0.5665997935409025,0.5396225783977194,0.5611717686646546,0.6321636472230122,0.09254106882529278,0.07099187855835765,8.0,14.0,17.0,7.0,14.0,16.0,8.0,13.0,18.0,sec:heldout
RPL10A,1,0.34087030336631785,0.5585754122795152,0.5877608383525149,0.55564162481025,0.6531695142076958,0.06540867585518084,0.09752788939744572,9.0,14.0,18.0,9.0,14.0,15.0,9.0,16.0,26.0,sec:heldout
SAFB2,1,-0.025299480916404573,0.12711795419651883,0.28106122187598975,0.2521932309933199,0.36266033114767965,0.0815991092716899,0.11046710015435973,3.0,7.0,9.0,3.0,7.0,9.0,5.0,6.0,15.0,sec:heldout
SERPINB9,1,-0.2729448088318497,0.0758086941352849,0.08998888846280624,0.11352884040133537,0.012848447833771204,-0.07714044062903504,-0.10068039256756417,1.0,1.0,4.0,0.0,0.0,3.0,1.0,2.0,2.0,sec:heldout
ZNF557,1,-0.4304846358496417,0.03586463306798497,-0.19101239260567224,-0.075337820669553,-0.14244153956502661,0.04857085304064562,-0.06710371889547362,0.0,0.0,1.0,0.0,1.0,3.0,0.0,1.0,4.0,sec:heldout
USP3,1,0.11402680789060342,0.01286472373525622,0.1993981321450723,0.09552806093222811,0.23346024247184513,0.03406211032677284,0.137932181539617,2.0,2.0,7.0,1.0,2.0,4.0,1.0,1.0,6.0,sec:heldout
KHSRP,1,0.17356643075471856,0.4210162556720111,0.42226885345890003,0.540379669210756,0.5094584188927364,0.08718956543383632,-0.030921250318019622,5.0,9.0,14.0,7.0,9.0,15.0,7.0,9.0,13.0,sec:heldout
FTH1,1,-0.2403642862979595,-0.0773367295087241,-0.51873711030248,-0.2554038852840091,-0.00991224648967852,0.5088248638128016,0.24549163879433056,0.0,0.0,0.0,0.0,0.0,1.0,0.0,0.0,2.0,sec:heldout
TSEN15,1,0.1394616654980726,0.5148967822409164,0.4892156846952837,0.6234845148878095,0.55366034421,0.06444465951471628,-0.06982417067780955,6.0,10.0,14.0,9.0,13.0,18.0,6.0,12.0,21.0,sec:heldout
CHKB,1,0.1907155958141965,0.1797745747185546,0.48474831771422555,0.46274154037806886,0.5468114117173993,0.06206309400317378,0.08406987133933047,5.0,10.0,13.0,6.0,7.0,10.0,6.0,10.0,22.0,sec:heldout
HIRA,1,0.23157249791199574,0.17663098889733794,0.5020016081846884,0.5401009167539615,0.4902429807940924,-0.011758627390596021,-0.04985793595986915,7.0,11.0,13.0,7.0,13.0,16.0,7.0,11.0,16.0,sec:heldout
NME1-NME2,1,0.09359435873085169,0.06866716665504455,0.1915075098145057,0.02653343740167489,0.17416481798624214,-0.017342691828263562,0.14763138058456726,2.0,5.0,13.0,1.0,3.0,5.0,3.0,5.0,10.0,sec:heldout
ANKRD17,1,0.32314000585375924,0.09118882576284344,0.24612596659488292,0.36941130414117707,0.2706341861219765,0.02450821952709356,-0.09877711801920058,2.0,4.0,9.0,5.0,9.0,10.0,1.0,4.0,10.0,sec:heldout
BRD2,1,0.13573065846653684,0.12766807997278637,0.538942370180231,0.4892311675339562,0.5932087867120832,0.05426641653185227,0.10397761917812703,5.0,10.0,13.0,6.0,10.0,12.0,5.0,11.0,18.0,sec:heldout
MAD2L1,1,0.2995897124208897,0.060698456406398336,0.46992437475780263,0.5208669118287866,0.4922985983923646,0.022374223634561985,-0.02856831343642202,5.0,7.0,10.0,5.0,7.0,9.0,5.0,9.0,18.0,sec:heldout
CDV3,1,-0.08168013738248375,-0.010958295214374468,-0.04240599806954982,0.11920278028718088,-0.04311310059699955,-0.0007071025274497308,-0.16231588088418042,0.0,0.0,3.0,0.0,0.0,1.0,0.0,1.0,3.0,sec:heldout
MCMBP,1,0.3867547142578395,0.05717864116314886,0.48396773544326166,0.43645133352330784,0.5130973504287014,0.029129614985439756,0.07664601690539358,7.0,10.0,14.0,6.0,9.0,14.0,7.0,10.0,22.0,sec:heldout
ACTR8,1,0.17698300472197406,0.4353926591681782,0.30840878619931983,0.16601752073060308,0.6286092386903556,0.32020045249103574,0.4625917179597525,6.0,10.0,13.0,4.0,5.0,5.0,8.0,10.0,13.0,sec:heldout
IPO11,1,-0.037470083759935456,-0.10627146648666158,-0.022356622420458928,-0.023653964701783003,-0.017001754904713978,0.0053548675157449495,0.006652209797069025,2.0,5.0,7.0,2.0,2.0,5.0,0.0,0.0,4.0,sec:heldout
NUP133,1,0.26817141020389396,0.18432342277194427,0.38852700057205664,0.4239185983062767,0.4630911483241948,0.07456414775213815,0.039172550017918084,5.0,7.0,9.0,6.0,8.0,11.0,6.0,8.0,13.0,sec:heldout
RBM12,1,0.11941078616198104,0.3300629243769751,0.41975099847656755,0.5424859699153323,0.5214989203940562,0.10174792191748866,-0.020987049521276058,5.0,7.0,12.0,5.0,11.0,15.0,6.0,8.0,14.0,sec:heldout
OXCT1,1,0.15432027806067306,-0.0242277166319417,0.04186625789678708,0.3984405337962528,0.17030660721045385,0.12844034931366677,-0.22813392658579898,0.0,4.0,8.0,6.0,8.0,11.0,3.0,5.0,8.0,sec:heldout
CD2BP2,1,-0.39853824515037467,0.020081417987516018,0.18002318264967246,0.19478260216191393,0.23069696795929032,0.05067378530961786,0.03591436579737639,2.0,4.0,9.0,2.0,4.0,4.0,3.0,4.0,6.0,sec:heldout
TCERG1,1,0.32044094796175393,-0.03460707942404401,0.42458431265390856,0.5468036370120564,0.44629331731536975,0.021709004661461195,-0.10051031969668661,5.0,8.0,10.0,7.0,10.0,13.0,4.0,8.0,12.0,sec:heldout
RIPK2,1,-0.16023558946014702,0.056552218545862086,-0.040108889789549615,0.06807716006803237,-0.03746859255806261,0.002640297231487003,-0.10554575262609497,0.0,1.0,4.0,0.0,1.0,3.0,0.0,1.0,5.0,sec:heldout
DHX36,1,0.36282571587114915,0.22830684401392268,0.345888118058658,0.4422359488955561,0.4318929754160676,0.08600485735740959,-0.010342973479488538,3.0,4.0,4.0,6.0,7.0,7.0,4.0,8.0,12.0,sec:heldout
TMEM14A,1,-0.6086305773518486,0.16288467930204253,-0.23581952095938907,-0.46929554786680744,-0.0945579095632707,0.14126161139611837,0.37473763830353674,0.0,0.0,0.0,0.0,0.0,0.0,0.0,1.0,2.0,sec:heldout
RBM42,1,0.017623324366006915,0.4344830342141308,0.36219301355725625,0.3814187689875783,0.49181632548717574,0.1296233119299195,0.11039755649959743,4.0,5.0,10.0,4.0,7.0,9.0,5.0,9.0,11.0,sec:heldout
MAFK,1,0.276012134213616,-0.0032800184347416806,0.22563990422994987,0.17768077814328068,0.207393875811006,-0.018246028418943877,0.029713097667725313,3.0,5.0,7.0,1.0,2.0,9.0,2.0,6.0,11.0,sec:heldout
TIPIN,1,0.18435843108957792,0.49525110558319324,0.5837826810029405,0.6288157948170595,0.5950861017160834,0.011303420713142942,-0.033729693100976066,8.0,11.0,14.0,8.0,13.0,15.0,8.0,11.0,19.0,sec:heldout
NFKBIA,1,-0.04761450961935073,-0.04136156389193333,0.1818208797734603,0.17874252947017055,0.11732723729549636,-0.06449364247796392,-0.06141529217467419,1.0,3.0,7.0,0.0,3.0,8.0,1.0,1.0,2.0,sec:heldout
CTU1,1,0.09435909276278835,0.17919560003930013,0.4603115744307635,0.4914360791949485,0.5346169208330439,0.07430534640228043,0.04318084163809538,5.0,11.0,14.0,6.0,9.0,12.0,7.0,11.0,19.0,sec:heldout
MORC2,1,-0.4862748344456708,-0.005939725589707608,-0.9523098896832943,-0.8688663267758754,-0.4836496651999489,0.46866022448334543,0.3852166615759265,0.0,0.0,2.0,0.0,1.0,2.0,0.0,2.0,3.0,sec:heldout
SS18L2,1,-0.09520995379274906,0.2866402626274586,0.5701781273938954,0.5185028877828289,0.5748539770923313,0.00467584969843593,0.05635108930950239,8.0,11.0,18.0,7.0,9.0,15.0,8.0,11.0,17.0,sec:heldout
POLR2C,1,0.4200644035722014,0.350236796684473,0.44916599854143735,0.4052874891043147,0.4474877727396223,-0.0016782258018150364,0.04220028363530759,4.0,6.0,7.0,5.0,6.0,7.0,4.0,6.0,7.0,sec:heldout
ADAL,1,-0.3593909415730197,0.019043858026399504,0.023671853746539823,-0.24310291639506368,0.031224439241541595,0.007552585495001773,0.27432735563660526,0.0,0.0,1.0,0.0,0.0,1.0,0.0,0.0,0.0,sec:heldout
GPS2,1,-0.581903131949753,0.12825285656768365,-0.08757013523333897,0.011702364798718815,0.0020265321221377883,0.08959666735547675,-0.009675832676581026,0.0,0.0,3.0,0.0,1.0,2.0,0.0,0.0,3.0,sec:heldout
LSM3,1,0.31641166899637735,0.2749074502912711,0.34891367066261875,0.2734231844774163,0.3867453075646019,0.03783163690198316,0.11332212308718559,6.0,8.0,9.0,3.0,9.0,10.0,7.0,9.0,13.0,sec:heldout
KAT7,1,-0.0625128142479676,0.0795563979706151,0.4398025924222235,0.430695700052428,0.484852044401117,0.045049451978893484,0.05415634434868899,5.0,7.0,12.0,4.0,6.0,12.0,6.0,9.0,13.0,sec:heldout
ARPC1B,1,0.1307210389874884,0.4195348214195888,0.5639028607238848,0.49571271930043403,0.5992433476169183,0.035340486893033485,0.1035306283164843,5.0,12.0,14.0,8.0,11.0,13.0,7.0,11.0,17.0,sec:heldout
DHPS,1,0.08286907963345537,-0.08442277733484956,0.15611761908117583,0.1115233389268786,0.11107527771621563,-0.0450423413649602,-0.0004480612106629728,0.0,1.0,5.0,2.0,3.0,4.0,0.0,2.0,4.0,sec:heldout
TRMT10C,1,0.1348421779653685,0.6041648675808945,0.6289083491792934,0.6862481537560922,0.6802625191742812,0.051354169994987764,-0.005985634581811006,8.0,13.0,19.0,7.0,15.0,21.0,8.0,13.0,26.0,sec:heldout
RPS21,1,0.20485216265136563,0.6475560653659266,0.6639105812124863,0.6111684186274934,0.7529186769072916,0.08900809569480539,0.14175025827979826,10.0,16.0,17.0,10.0,13.0,14.0,10.0,19.0,23.0,sec:heldout
MED29,1,0.29328708260410113,0.08363535332976457,0.28490568648758696,0.261396643262538,0.3075980513769934,0.022692364889406458,0.046201408114455444,2.0,2.0,4.0,2.0,2.0,4.0,2.0,3.0,4.0,sec:heldout
PPRC1,1,0.11695253858646308,0.29975846037362025,0.6316804873825852,0.5308124301661131,0.6834126319891908,0.05173214460660558,0.15260020182307765,8.0,14.0,16.0,8.0,11.0,12.0,9.0,15.0,19.0,sec:heldout
VDAC1,1,-0.47079976297695897,0.1270733923218268,-0.15073285847031634,-0.19990522898641183,-0.11982933699404523,0.03090352147627111,0.0800758919923666,0.0,2.0,4.0,1.0,2.0,3.0,0.0,1.0,3.0,sec:heldout
NOP10,1,0.26017306301212423,0.7298733749210061,0.6809225210866491,0.6154245696007091,0.7611603479577193,0.08023782687107017,0.14573577835701013,10.0,16.0,19.0,9.0,14.0,15.0,10.0,19.0,27.0,sec:heldout
ASCC3,1,0.22351995276233927,0.20548575089210175,0.4790601228739076,0.5759344945007443,0.5562487828063041,0.07718865993239649,-0.019685711694440222,3.0,8.0,13.0,5.0,9.0,14.0,4.0,9.0,18.0,sec:heldout
GAB2,1,0.25521495739023126,0.2240816869687381,0.37188867966189587,0.5156315551784506,0.44096717975086547,0.0690785000889696,-0.07466437542758514,5.0,8.0,11.0,7.0,13.0,17.0,6.0,9.0,15.0,sec:heldout
ZC3H11A,1,0.19512156576993314,0.0021620277687519423,0.3093602584008622,0.27106078196426225,0.3392707979827316,0.0299105395818694,0.06821001601846932,1.0,5.0,8.0,3.0,5.0,9.0,2.0,4.0,8.0,sec:heldout
ZNF140,1,0.0398490500392484,0.09374102386184617,0.11357782082986101,0.09089236551741209,0.2133306739564593,0.09975285312659829,0.12243830843904721,2.0,2.0,4.0,2.0,2.0,4.0,2.0,2.0,2.0,sec:heldout
KRR1,1,0.25343672644559606,0.7019871262850473,0.6590194966129245,0.5923117719643808,0.7498135639505833,0.09079406733765882,0.1575017919862025,10.0,17.0,18.0,9.0,14.0,15.0,10.0,19.0,26.0,sec:heldout
RUVBL1,1,0.3736947939497473,0.30405879364637844,0.48539044395336944,0.3889615008393796,0.5124741260121976,0.027083682058828107,0.12351262517281797,7.0,9.0,11.0,6.0,8.0,10.0,7.0,10.0,13.0,sec:heldout
RPE,1,-0.37556653645189764,0.09584681856786664,-0.09215709463534998,0.06854622459237925,0.017438849613361052,0.10959594424871102,-0.0511073749790182,0.0,0.0,3.0,0.0,1.0,2.0,0.0,1.0,1.0,sec:heldout
ESYT1,1,-0.005713197740939291,0.2224743664324759,0.5922801679395725,0.4745793459672254,0.6218676278121893,0.029587459872616795,0.1472882818449639,7.0,10.0,12.0,6.0,9.0,9.0,7.0,12.0,15.0,sec:heldout
NUDCD1,1,-0.35569631834609744,-0.07085654649633923,-0.03110377016675361,-0.06017841578285388,0.005079590204439539,0.03618336037119315,0.06525800598729342,1.0,1.0,5.0,1.0,1.0,7.0,0.0,1.0,3.0,sec:heldout
RPL34,1,0.37869389276556936,0.5599491986928723,0.6188603463456134,0.5808573352809995,0.6696946548853746,0.05083430853976123,0.08883731960437513,9.0,16.0,18.0,9.0,15.0,16.0,9.0,16.0,27.0,sec:heldout
EIF2S3,1,0.32495647413939516,0.4529493972467069,0.506757680356508,0.5731598093207241,0.5696532265274041,0.0628955461708961,-0.0035065827933199456,5.0,7.0,11.0,6.0,6.0,10.0,6.0,9.0,18.0,sec:heldout
UBIAD1,1,-0.39953156789486627,0.1748510316659291,-0.056187621367791485,-0.20479399408328827,0.16280556505394186,0.21899318642173335,0.36759955913723014,1.0,1.0,1.0,0.0,1.0,2.0,0.0,1.0,3.0,sec:heldout
ARHGEF10,1,-0.0036827668915530853,-0.08239842163064856,-0.0158034229763668,-0.18202524237506576,-0.008241888751579381,0.0075615342247874195,0.17378335362348638,1.0,1.0,3.0,0.0,0.0,1.0,0.0,1.0,1.0,sec:heldout
CLTA,1,-0.0350220061032415,-0.07719295341561129,-0.2297144870796224,0.08930957863712607,-0.1952151779635246,0.034499309116097776,-0.2845247566006507,0.0,0.0,0.0,2.0,2.0,3.0,0.0,0.0,0.0,sec:heldout
HDAC3,1,0.04307582070664967,-0.0409779919511956,0.3599912965021111,0.3625720404790244,0.3107120460096875,-0.0492792504924236,-0.05185999446933692,2.0,3.0,10.0,3.0,4.0,7.0,1.0,4.0,12.0,sec:heldout
HSF4,1,-0.30507792352265645,0.04632800303494313,0.3440368241912541,0.32789542906983365,0.3280796419714225,-0.01595718221983161,0.00018421290158882053,6.0,9.0,14.0,5.0,9.0,14.0,5.0,10.0,17.0,sec:heldout
CPSF3,1,0.24110632382035893,0.15791802899140858,0.4326421896676567,0.4576051356989943,0.4848682183765947,0.052226028708938,0.027263082677600414,5.0,7.0,10.0,7.0,10.0,11.0,6.0,7.0,14.0,sec:heldout
TYK2,1,0.20388449820136376,0.14379388334105528,0.3945175191446137,0.3232871960155769,0.4048203796582288,0.01030286051361512,0.08153318364265189,4.0,5.0,11.0,6.0,8.0,8.0,4.0,6.0,12.0,sec:heldout
TRIR,1,0.11104130159745003,-0.1584508780538101,-0.2595168141349817,-0.14654997521191016,-0.21994374780003115,0.03957306633495053,-0.07339377258812099,0.0,1.0,1.0,0.0,0.0,3.0,0.0,0.0,1.0,sec:heldout
HEXIM1,1,-0.16254668227193378,0.053720940202852896,0.06343312137996411,0.20986538692893827,0.08995566855302206,0.02652254717305795,-0.11990971837591621,0.0,1.0,6.0,2.0,4.0,7.0,1.0,5.0,7.0,sec:heldout
SMARCB1,1,0.0651225937872085,0.31450813208525,0.19841935981658518,0.30920799036717683,0.3395956608495714,0.1411763010329862,0.030387670482394546,3.0,5.0,5.0,5.0,9.0,11.0,3.0,4.0,10.0,sec:heldout
POU2F2,1,-0.013211079947437893,0.032600527102433205,-0.03282854895928974,-0.1546975426455598,-0.07230141600314761,-0.03947286704385788,0.08239612664241218,0.0,0.0,1.0,1.0,1.0,1.0,0.0,1.0,2.0,sec:heldout
EIF4A1,1,0.5519369241563812,0.2271676585988962,0.420361447936536,0.31000187477051494,0.461688066462653,0.041326618526116965,0.15168619169213804,4.0,9.0,15.0,4.0,7.0,9.0,6.0,10.0,15.0,sec:heldout
EHMT2,1,0.300515101163868,-0.020151665580698426,0.2653415765054392,0.43796894772648937,0.3300167873620163,0.06467521085657707,-0.10795216036447308,3.0,6.0,6.0,5.0,10.0,10.0,3.0,5.0,10.0,sec:heldout
TINF2,1,0.11975115729617014,0.4579317898185417,0.6586796164338633,0.5758036038991244,0.6999080261020648,0.041228409668201516,0.12410442220294038,8.0,12.0,17.0,6.0,8.0,10.0,8.0,13.0,15.0,sec:heldout
MYL6,1,0.03194477081601891,-0.09499554611591808,-0.0433276904392755,-0.2915572916341261,-0.07981089191416543,-0.03648320147488993,0.21174639971996065,0.0,0.0,0.0,0.0,3.0,3.0,0.0,0.0,2.0,sec:heldout
TPR,1,0.3023997302646696,0.03139745656535978,0.4185086481721702,0.5828682254857876,0.45805489994474113,0.03954625177257093,-0.12481332554104652,7.0,11.0,11.0,8.0,14.0,17.0,7.0,11.0,15.0,sec:heldout
EIF3J,1,0.3240245395882642,0.18545476302853325,0.5670504528928814,0.5490968150876807,0.5786428568062946,0.011592403913413207,0.029546041718613858,6.0,8.0,13.0,7.0,10.0,14.0,6.0,10.0,14.0,sec:heldout
ZNF445,1,0.05540846611485495,-0.046469292188433854,0.031249876086829026,0.0729365125872822,0.23211408562791783,0.2008642095410888,0.15917757304063562,2.0,2.0,3.0,3.0,6.0,7.0,2.0,4.0,7.0,sec:heldout
LAMTOR3,1,0.38385937780923013,-0.020636273790474637,0.4146293215540611,0.5057024354148237,0.38818388134598186,-0.026445440208079263,-0.11751855406884187,3.0,7.0,8.0,5.0,7.0,9.0,3.0,6.0,12.0,sec:heldout
CSTF2,1,-0.4317839603475682,0.1527724072662193,-0.02920357848899523,-0.030466395217092882,0.09463032840201535,0.12383390689101058,0.12509672361910823,0.0,0.0,4.0,0.0,0.0,1.0,1.0,2.0,4.0,sec:heldout
RTRAF,1,0.1546041812085077,0.6341649789847974,0.6101670497430424,0.6854035827184406,0.6416910136166201,0.0315239638735777,-0.04371256910182053,7.0,11.0,19.0,9.0,13.0,18.0,7.0,12.0,21.0,sec:heldout
PPIA,1,-0.075962224950706,0.16440481534594997,-0.09012887476333926,-0.0255732649489078,0.10617248897840503,0.19630136374174428,0.13174575392731283,0.0,1.0,3.0,1.0,2.0,2.0,1.0,1.0,3.0,sec:heldout
DERL2,1,0.3875087676164346,0.09940576158595649,0.4518729607442363,0.49200727651802206,0.5205684886673075,0.06869552792307126,0.028561212149285475,7.0,9.0,11.0,6.0,11.0,13.0,8.0,10.0,15.0,sec:heldout
CPNE1,1,-0.034703436661416155,0.23761957025505429,0.26602896777197316,0.44834251704991823,0.4141453849226819,0.14811641715070872,-0.03419713212723635,4.0,8.0,11.0,6.0,9.0,15.0,7.0,9.0,13.0,sec:heldout
SAP130,1,0.06415643865949751,0.39753533633285754,0.4201307694842158,0.5389285157329701,0.5166662179181046,0.09653544843388884,-0.02226229781486544,7.0,12.0,19.0,9.0,12.0,15.0,8.0,12.0,16.0,sec:heldout
FASTKD5,1,0.11354593436804127,0.5294686058419141,0.5934679417595938,0.6800637111185818,0.6029280562200935,0.009460114460499658,-0.07713565489848828,8.0,15.0,24.0,9.0,18.0,28.0,9.0,15.0,28.0,sec:heldout
DDX56,1,0.3860955244971424,0.5338132199369742,0.5678818787835945,0.5004459469661523,0.6376989040212743,0.06981702523767974,0.13725295705512197,9.0,14.0,18.0,9.0,13.0,14.0,9.0,16.0,25.0,sec:heldout
GTF2H1,1,0.3592181902389975,0.19025911652335215,0.4121342674347123,0.3364186944528713,0.4286359025758486,0.016501635141136284,0.09221720812297729,4.0,5.0,6.0,4.0,5.0,6.0,5.0,6.0,10.0,sec:heldout
NDUFA10,1,0.05896666709075129,0.3670571772683884,0.3752459460577518,0.14677809884867674,0.5267573124391866,0.15151136638143475,0.3799792135905098,4.0,11.0,14.0,2.0,3.0,7.0,7.0,12.0,18.0,sec:heldout
PARP12,1,-0.0020473046272840903,0.021400440173556082,0.32571686879503986,0.41589727379001945,0.36823549533408184,0.04251862653904198,-0.04766177845593761,5.0,9.0,16.0,6.0,7.0,15.0,3.0,9.0,18.0,sec:heldout
GINS2,1,0.2221089066947266,0.4963864763508809,0.5381525766508122,0.5903960516029835,0.6610850869177539,0.12293251026694174,0.07068903531477044,7.0,10.0,13.0,6.0,12.0,13.0,8.0,12.0,15.0,sec:heldout
TXNDC17,1,0.33659232496929464,-0.026428398882480764,0.2682827290353409,0.2574423222272352,0.2703823110747482,0.0020995820394072995,0.012939988847513018,2.0,3.0,7.0,1.0,3.0,5.0,1.0,3.0,8.0,sec:heldout
RNASEH2A,1,-0.05802986349536415,-0.05708235054043917,0.09015712082544092,0.10381069769115459,-0.10742811719922056,-0.1975852380246615,-0.21123881489037516,0.0,1.0,5.0,2.0,4.0,6.0,0.0,0.0,5.0,sec:heldout
SLC25A10,1,0.23125828481151753,0.47214776033694933,0.6394548805098763,0.668338817871212,0.6544195407185752,0.01496466020869891,-0.013919277152636744,7.0,13.0,20.0,8.0,13.0,18.0,7.0,13.0,24.0,sec:heldout
AMBRA1,1,-0.23149939020682017,0.03437733242738055,0.055100543313704724,0.06347725941367534,0.015747497485236458,-0.03935304582846827,-0.04772976192843888,1.0,2.0,3.0,0.0,2.0,3.0,0.0,0.0,3.0,sec:heldout
PYURF,1,0.46654705286209813,0.3647644199347471,0.5431984989498401,0.4557969266689008,0.5262311532214642,-0.016967345728375882,0.07043422655256337,7.0,9.0,14.0,5.0,8.0,13.0,6.0,11.0,15.0,sec:heldout
SNX5,1,-0.11339093753117964,0.05336577397684539,-0.08317757075860814,0.10645087990991535,-0.017037538718120606,0.06614003204048753,-0.12348841862803596,2.0,3.0,4.0,1.0,1.0,1.0,2.0,3.0,4.0,sec:heldout
MALSU1,1,0.11320377244932822,0.5992855199861018,0.7289875514981438,0.6610904564599575,0.6972296991276775,-0.031757852370466244,0.03613924266772006,9.0,14.0,25.0,8.0,15.0,21.0,9.0,14.0,21.0,sec:heldout
UBE2I,1,0.23443836716442357,0.10304565704786132,0.4835342196176362,0.5363124579082709,0.5272758326568964,0.04374161303926016,-0.009036625251374497,5.0,8.0,12.0,6.0,9.0,12.0,5.0,8.0,20.0,sec:heldout
LEPROT,1,-0.05463990327088494,0.1025769868968054,0.03001626436538668,-0.13882577858195194,0.18989858942497032,0.15988232505958364,0.3287243680069223,1.0,2.0,4.0,0.0,0.0,0.0,1.0,2.0,4.0,sec:heldout
MUTYH,1,0.21518795348616257,0.4292725774928352,0.38287520169448475,0.39100703586002816,0.40436844730155475,0.02149324560707,0.013361411441526583,5.0,5.0,9.0,5.0,5.0,9.0,5.0,6.0,9.0,sec:heldout
RPL36,1,0.34251125365340146,0.5592966550139885,0.6127020700206584,0.5653875272499016,0.6633311882714459,0.05062911825078753,0.09794366102154428,10.0,17.0,19.0,9.0,15.0,16.0,10.0,17.0,27.0,sec:heldout
GALK1,1,-0.5325990197384035,0.19680874944470997,-0.19464012733858538,-0.17125026806065777,-0.05684387475846919,0.13779625258011619,0.11440639330218857,0.0,0.0,1.0,2.0,2.0,3.0,1.0,3.0,4.0,sec:heldout
CCT3,1,0.3087569885033415,-0.1394447302748569,0.33157213460003193,0.38761471427484806,0.4190482588714388,0.08747612427140689,0.03143354459659076,3.0,5.0,7.0,4.0,5.0,7.0,5.0,6.0,11.0,sec:heldout
NFRKB,1,0.08177575923868492,0.35929712377118,0.0954447517051915,0.08775457788402148,0.30483329507868556,0.20938854337349405,0.2170787171946641,2.0,4.0,8.0,3.0,4.0,6.0,3.0,5.0,11.0,sec:heldout
THAP1,1,0.0430854927676969,0.15788488936776437,0.4032226138994459,0.5035178738938596,0.37821194048218154,-0.025010673417264373,-0.12530593341167806,4.0,5.0,12.0,6.0,9.0,12.0,5.0,8.0,11.0,sec:heldout
THAP11,1,-0.2850833259609266,-0.01591936602357141,-0.03577281598979711,0.1892812185196943,0.004172409993848029,0.03994522598364514,-0.18510880852584627,1.0,3.0,6.0,5.0,7.0,11.0,1.0,2.0,8.0,sec:heldout
CHCHD2,1,-0.1620452670766477,0.05676849443429426,0.03741630206768282,0.04983170645053813,-0.0030558518690193743,-0.0404721539367022,-0.05288755831955751,0.0,1.0,1.0,0.0,0.0,1.0,0.0,0.0,4.0,sec:heldout
UGGT1,1,0.17385019984363462,0.14326482477432215,0.22215425481019527,0.13860651344533897,0.23746510408594665,0.015310849275751381,0.09885859064060767,1.0,3.0,5.0,1.0,2.0,5.0,2.0,2.0,5.0,sec:heldout
UTP23,1,0.26552293499315344,0.7214308012303423,0.6482260058965127,0.6276912987402494,0.7411218766004269,0.09289587070391425,0.11343057786017752,10.0,14.0,15.0,9.0,13.0,14.0,10.0,18.0,23.0,sec:heldout
TFAM,1,0.07762635364867722,-0.0093336464060785,0.21182891411787397,0.1355421742325771,0.18887646288543347,-0.022952451232440496,0.05333428865285636,4.0,7.0,13.0,4.0,6.0,9.0,4.0,8.0,14.0,sec:heldout
MGST3,1,-0.4409117317779821,0.15280599455372035,-0.20686562903760444,0.19290883951625445,0.08031859957776083,0.2871842286153653,-0.11259023993849362,0.0,0.0,1.0,0.0,0.0,2.0,0.0,0.0,2.0,sec:heldout
RPL6,1,0.3517031944606796,0.42890385404823234,0.5432960299842277,0.5213020030040615,0.6063557030994381,0.06305967311521044,0.0850537000953766,9.0,12.0,13.0,8.0,11.0,12.0,9.0,13.0,23.0,sec:heldout
SUPV3L1,1,0.1430127180513804,0.537842423433429,0.5867350516528002,0.6506248454811536,0.6251808416335322,0.038445789980732004,-0.025444003847621466,8.0,15.0,22.0,9.0,15.0,19.0,7.0,16.0,28.0,sec:heldout
CSNK2B,1,0.24907822790992862,0.05426978730709719,0.4049665672416754,0.486647325091862,0.4494043016654983,0.04443773442382287,-0.03724302342636371,4.0,6.0,8.0,5.0,8.0,11.0,3.0,5.0,14.0,sec:heldout
PCM1,1,0.11322193908805185,0.21872217922913595,0.4284889223549895,0.43441766716951635,0.43322131089171084,0.004732388536721366,-0.0011963562778055103,4.0,7.0,15.0,5.0,8.0,13.0,4.0,8.0,15.0,sec:heldout
DIAPH1,1,-0.16373746640615458,-0.07362568006251574,0.1828728642496238,-0.020839364157894363,0.11877576500851335,-0.06409709924111044,0.13961512916640773,0.0,3.0,6.0,0.0,1.0,6.0,2.0,3.0,6.0,sec:heldout
EDEM2,1,-0.2737175190761525,0.0675986405590804,-0.16868321766098518,-0.1460130577827155,-0.11231551507494064,0.05636770258604454,0.033697542707774863,0.0,0.0,0.0,0.0,0.0,2.0,0.0,0.0,3.0,sec:heldout
DHODH,1,0.4220036047553812,0.36841883584246093,0.5465146164387621,0.5345145205395874,0.610812217439474,0.06429760100071191,0.07629769689988664,7.0,12.0,14.0,6.0,13.0,17.0,7.0,13.0,24.0,sec:heldout
INO80D,1,0.14749936759296733,0.08475714906095476,0.2899986785171624,0.25761260791325463,0.2986200785503644,0.008621400033201998,0.041007470637109744,3.0,4.0,6.0,3.0,4.0,5.0,2.0,4.0,7.0,sec:heldout
SMARCA5,1,0.24717224878748537,0.1078489038309383,0.5138660959321275,0.514251109607625,0.5282735558576374,0.014407459925509847,0.014022446250012366,7.0,9.0,12.0,5.0,8.0,13.0,7.0,8.0,15.0,sec:heldout
SNRPD3,1,0.27974304347620627,0.2706244585640763,0.4616200076348313,0.4143494174421652,0.4750205340924601,0.013400526457628792,0.0606711166502949,6.0,8.0,10.0,5.0,7.0,9.0,5.0,10.0,14.0,sec:heldout
RHBDD1,1,-0.4542069946338642,0.07505792460367751,-0.018225422131285,0.059683054970281396,0.07427872251975896,0.09250414465104397,0.014595667549477567,0.0,2.0,5.0,0.0,2.0,4.0,0.0,2.0,3.0,sec:heldout
SORT1,1,0.2649759320376009,0.2522690376661097,0.3043594384942297,0.4477273549859828,0.35159542045386827,0.04723598195963857,-0.09613193453211455,5.0,6.0,8.0,6.0,9.0,11.0,3.0,9.0,15.0,sec:heldout
RIF1,1,0.11599673785645725,0.22915274517016582,0.37794203363254364,0.42631698950483704,0.41569340965537394,0.037751376022830296,-0.010623579849463105,6.0,9.0,12.0,7.0,12.0,15.0,7.0,9.0,18.0,sec:heldout
LYRM4,1,-0.4296298488745423,0.03444596184096237,-0.06810766989465032,-0.13693078177396842,0.020907593391015018,0.08901526328566534,0.15783837516498345,0.0,2.0,4.0,0.0,0.0,2.0,0.0,0.0,0.0,sec:heldout
OTUD7B,1,0.16167033180348897,-0.04094574463674914,0.23721490899570433,0.30775443124006513,0.2347403247319093,-0.0024745842637950155,-0.07301410650815582,1.0,4.0,9.0,3.0,4.0,6.0,2.0,4.0,7.0,sec:heldout
HINT1,1,-0.3628018484355779,-0.07428112620398492,-0.31312680178497243,-0.31054185527937217,-0.26517507113702543,0.047951730647947,0.04536678414234674,0.0,0.0,2.0,0.0,0.0,1.0,0.0,0.0,2.0,sec:heldout
DFFA,1,0.2345825650099016,0.6546446467857611,0.6060468936376446,0.5664670688646581,0.7224868837171866,0.11643999007954198,0.15601981485252847,8.0,15.0,16.0,8.0,13.0,14.0,9.0,17.0,25.0,sec:heldout
ABHD13,1,-0.550732444376107,0.026750288702162034,-0.21277574270675217,-0.0053954243282307345,-0.2641934539024066,-0.05141771119565444,-0.25879802957417586,0.0,3.0,7.0,0.0,1.0,7.0,0.0,0.0,2.0,sec:heldout
TEAD2,1,-0.445139547321749,0.26899052010691576,-0.10659107350743384,-0.22895208966995262,0.06156469333743142,0.16815576684486527,0.29051678300738404,0.0,1.0,2.0,0.0,0.0,0.0,1.0,2.0,4.0,sec:heldout
TMEM126B,1,0.038126407619149275,0.4539253505188916,0.621878245107124,0.6043668950971631,0.6380762594649269,0.01619801435780288,0.03370936436776373,8.0,11.0,22.0,7.0,14.0,25.0,8.0,14.0,20.0,sec:heldout
SMN2,1,0.3407642647350521,0.2849567155666786,0.4942354524929913,0.42524334915517176,0.5057362835232615,0.01150083103027022,0.08049293436808974,5.0,10.0,13.0,5.0,6.0,8.0,6.0,9.0,14.0,sec:heldout
RAE1,1,0.4343628293404656,0.17008503036007475,0.48674860563437466,0.43708711660024496,0.5146272536406796,0.027878648006304962,0.07754013704043466,6.0,10.0,11.0,6.0,10.0,11.0,5.0,9.0,15.0,sec:heldout
RAI14,1,0.2980021781613287,0.0739609132365849,0.5353484848902575,0.3890057927143018,0.5660435017339362,0.030695016843678702,0.17703770901963445,6.0,12.0,20.0,5.0,8.0,18.0,7.0,12.0,21.0,sec:heldout
ORC4,1,0.20787111626526347,0.647245764625235,0.6443757125383557,0.6511021978020479,0.6698782816630278,0.02550256912467208,0.018776083860979842,7.0,9.0,15.0,7.0,13.0,15.0,7.0,10.0,16.0,sec:heldout
EIF2S1,1,0.37983663763352177,0.4244365083206154,0.4601522314159792,0.559105307553854,0.5359757855303067,0.07582355411432745,-0.023129522023547344,5.0,6.0,9.0,6.0,7.0,9.0,5.0,9.0,17.0,sec:heldout
SNRNP48,1,0.331319012176635,0.06734286787537182,0.3486389321366379,0.39116532437475926,0.3680728672293842,0.019433935092746324,-0.023092457145375056,5.0,6.0,8.0,5.0,8.0,11.0,5.0,6.0,10.0,sec:heldout
SEC61B,1,0.29296557775387955,-0.007045794697376179,0.3291067134673013,0.40495082588412384,0.3099589289267341,-0.019147784540567203,-0.09499189695738974,3.0,5.0,8.0,5.0,7.0,11.0,3.0,7.0,10.0,sec:heldout
PIH1D1,1,-0.07193414550537051,0.3472638398994115,0.09524571348796902,0.2740476104688428,0.21509235270298344,0.11984663921501441,-0.05895525776585936,1.0,3.0,7.0,4.0,5.0,9.0,3.0,5.0,11.0,sec:heldout
POLRMT,1,0.19472822616183202,0.29716967875452815,0.3511933542474229,0.3446730628677928,0.40688586857147246,0.05569251432404959,0.06221280570367965,5.0,10.0,19.0,6.0,10.0,13.0,6.0,12.0,17.0,sec:heldout
RNF44,1,-0.310209498365332,0.09461715572962921,0.12356651457476107,0.09722479630353921,0.11459646202705916,-0.008970052547701918,0.017371665723519947,1.0,2.0,4.0,2.0,2.0,3.0,0.0,1.0,4.0,sec:heldout
CCDC71L,1,-0.531950352005852,0.185733410630615,-0.07073956928153556,-0.11452403675127876,-0.06647766218100681,0.004261907100528747,0.048046374570271944,1.0,1.0,1.0,0.0,0.0,4.0,0.0,0.0,1.0,sec:heldout
TTI1,1,0.31410907861163734,0.04516712177184063,0.395068897097733,0.48673467973757556,0.45174810531561455,0.05667920821788153,-0.034986574421961014,5.0,6.0,9.0,6.0,9.0,13.0,5.0,8.0,10.0,sec:heldout
BCCIP,1,0.4306617994277871,0.5589524020987372,0.6713388609891285,0.5695166142019588,0.7008002869385911,0.02946142594946255,0.13128367273663233,9.0,15.0,19.0,8.0,12.0,15.0,9.0,14.0,26.0,sec:heldout
WRAP53,1,-0.23659746132122628,0.17001607239263009,0.21053235715091548,0.2952215096074757,0.3044832868728575,0.093950929721942,0.009261777265381799,2.0,3.0,9.0,2.0,5.0,5.0,3.0,5.0,8.0,sec:heldout
PRPF40A,1,0.29188773940915785,0.057199700575842095,0.42230508666056416,0.44172870617544563,0.5158215936359004,0.09351650697533626,0.07409288746045478,3.0,5.0,7.0,6.0,7.0,8.0,5.0,7.0,13.0,sec:heldout
NOL8,1,0.3578361062185113,0.5480647469466143,0.6295742876038847,0.6073356041890834,0.6676058530997738,0.03803156549588915,0.06027024891069044,9.0,14.0,18.0,9.0,14.0,17.0,9.0,15.0,25.0,sec:heldout
ENDOG,1,-0.3373281555904882,0.12876425598465235,-0.23322683433154656,0.0682442029682109,-0.07941117673123382,0.15381565760031274,-0.14765537969944473,0.0,0.0,4.0,2.0,2.0,2.0,0.0,0.0,3.0,sec:heldout
CRIPT,1,-0.5234647499512902,0.13555547677338328,-0.0056885292596930695,0.042006993130208704,0.004489269234469753,0.010177798494162824,-0.03751772389573895,2.0,3.0,4.0,1.0,1.0,4.0,0.0,0.0,1.0,sec:heldout
ING5,1,-0.4748780730664878,0.12653082613949435,0.10543368611084898,0.06466731555852254,0.13595343080028952,0.030519744689440534,0.07128611524176698,2.0,3.0,3.0,0.0,1.0,2.0,1.0,3.0,3.0,sec:heldout
ZDHHC7,1,0.4310175840509607,0.14525899287702068,0.42617438129666185,0.4137155382851992,0.44775073796823706,0.021576356671575203,0.034035199683037864,4.0,5.0,7.0,5.0,6.0,8.0,4.0,6.0,7.0,sec:heldout
TRIP4,1,-0.11739414993206883,0.12821179755697587,0.34452630024026015,0.27832587201815856,0.27331924878901837,-0.07120705145124179,-0.005006623229140195,4.0,6.0,8.0,2.0,3.0,5.0,2.0,2.0,7.0,sec:heldout
CNBP,1,0.06870408405026313,0.272669278037979,0.39434997356137114,0.3546424605309224,0.45689552263923777,0.06254554907786664,0.10225306210831536,5.0,6.0,10.0,4.0,6.0,8.0,4.0,7.0,13.0,sec:heldout
ITGB1BP1,1,0.22267313791828838,0.3360269284533457,0.46754227798348436,0.47671154834433965,0.5381358073196515,0.07059352933616714,0.06142425897531184,6.0,8.0,13.0,8.0,11.0,14.0,6.0,9.0,17.0,sec:heldout
ELP1,1,-0.18758150087696113,0.013293733642051284,0.2212927457909878,0.31873937311497585,0.23992472040632215,0.018631974615334362,-0.0788146527086537,2.0,6.0,10.0,4.0,6.0,11.0,3.0,6.0,7.0,sec:heldout
SRSF6,1,-0.16511632974242793,0.0029618030131482744,0.04698756751523742,0.07311207924256485,-0.03972402290460384,-0.08671159041984126,-0.11283610214716869,0.0,1.0,3.0,0.0,1.0,1.0,0.0,0.0,0.0,sec:heldout
MRPL52,1,0.027145219950326177,0.605146549081173,0.6788397306611348,0.6653961484858756,0.7137357999771684,0.03489606931603362,0.04833965149129282,9.0,12.0,17.0,8.0,13.0,17.0,9.0,12.0,21.0,sec:heldout
TOR1B,1,0.2751423462536778,0.2259610949214257,0.4368363062581501,0.48204274728026714,0.49831010166575523,0.061473795407605114,0.016267354385488098,5.0,6.0,8.0,5.0,7.0,9.0,5.0,8.0,11.0,sec:heldout
DLD,1,0.42036379641713006,0.08680494207071111,0.4452649183036355,0.4863917660445547,0.4379194775238993,-0.007345440779736201,-0.04847228852065538,5.0,10.0,13.0,5.0,12.0,13.0,3.0,8.0,17.0,sec:heldout
NUB1,1,0.19699791455637647,-0.003267701485411235,0.06807083904357095,0.1650258662397788,0.05741167328557075,-0.010659165758000196,-0.10761419295420804,3.0,4.0,8.0,5.0,6.0,10.0,3.0,6.0,9.0,sec:heldout
TTC1,1,0.2667319498582696,0.3348780090357994,0.5388746930558641,0.6329191468936309,0.600683109588717,0.06180841653285285,-0.03223603730491398,6.0,11.0,16.0,8.0,10.0,14.0,7.0,11.0,24.0,sec:heldout
TENT4A,1,-0.24296155303517186,0.023865765175149403,0.1685127625805319,0.20201339122273157,0.17773204395331324,0.00921928137278133,-0.02428134726941833,0.0,2.0,3.0,2.0,2.0,2.0,0.0,2.0,4.0,sec:heldout
UBE2V1,1,-0.4327333716913304,-0.11322408848648556,-0.44525743990938443,-0.2599227489645697,-0.4484315059317548,-0.0031740660223703587,-0.1885087569671851,1.0,1.0,3.0,0.0,1.0,5.0,0.0,1.0,4.0,sec:heldout
WDR36,1,0.16637315931917104,0.7333642157277204,0.626378227092126,0.5539919308233096,0.7130059367167721,0.08662770962464617,0.1590140058934626,10.0,17.0,18.0,9.0,14.0,15.0,10.0,19.0,26.0,sec:heldout
CD3EAP,1,0.31682164222279013,0.5846067559872693,0.6553490855057996,0.5947692663423664,0.716334125846283,0.060985040340483354,0.1215648595039166,10.0,15.0,17.0,9.0,14.0,14.0,9.0,16.0,27.0,sec:heldout
XPO1,1,0.4324988762496454,-0.021472515417203585,0.3948004004618671,0.45280665446956586,0.42080068837070767,0.02600028790884057,-0.032005966098858196,4.0,6.0,7.0,5.0,7.0,9.0,5.0,5.0,11.0,sec:heldout
TWNK,1,0.14308017284422558,0.46469822831542235,0.5938639356224581,0.6024356307746875,0.6207884153480195,0.026924479725561445,0.018352784573332004,8.0,12.0,19.0,8.0,14.0,19.0,7.0,13.0,23.0,sec:heldout
ZMYM4,1,0.23072589677162866,0.3933684738570511,0.6488828566877508,0.6115309108376668,0.7191222983425646,0.07023944165481377,0.10759138750489783,10.0,14.0,15.0,9.0,13.0,14.0,10.0,16.0,22.0,sec:heldout
CCNK,1,0.10047592183438747,0.08218073301347063,0.40440349808894,0.4950449900299169,0.507951197413315,0.10354769932437496,0.012906207383398038,7.0,9.0,19.0,6.0,11.0,15.0,8.0,12.0,19.0,sec:heldout
NOSIP,1,-0.3109089051995424,0.0807495438711952,-0.20066128650644596,-0.15995400607208882,-0.13730037633060668,0.06336091017583928,0.022653629741482134,1.0,2.0,4.0,0.0,0.0,2.0,0.0,1.0,3.0,sec:heldout
NOB1,1,0.1726372159674343,0.6293616898282873,0.6519917836989818,0.5531711775030254,0.7520382561108825,0.10004647241190068,0.19886707860785713,10.0,15.0,17.0,8.0,12.0,13.0,10.0,18.0,23.0,sec:heldout
PRDX1,1,0.20795792913274758,0.06753644382785128,0.2849110673942897,0.17516273221984965,0.19127801220220012,-0.09363305519208956,0.01611527998235046,3.0,7.0,13.0,1.0,5.0,9.0,3.0,6.0,10.0,sec:heldout
HADHB,1,0.3434986954094657,0.066859648488677,0.3227079844273191,0.35344916252454456,0.40228324078578565,0.07957525635846657,0.04883407826124109,4.0,5.0,7.0,4.0,4.0,6.0,5.0,7.0,8.0,sec:heldout
BAG6,1,-0.06650150363338357,0.038728837062418274,0.14831761588682071,0.1486553037237135,0.17720585754732446,0.028888241660503744,0.028550553823610963,3.0,4.0,6.0,3.0,4.0,5.0,3.0,4.0,8.0,sec:heldout
PSMB1,1,0.16588311062423614,0.22731081385605992,0.41165241757234855,0.3747237449722667,0.4170510454492787,0.005398627876930129,0.042327300477012,4.0,5.0,12.0,3.0,6.0,8.0,3.0,5.0,14.0,sec:heldout
FBLIM1,1,-0.4160638021401825,-0.23416136842177693,-0.5025855044683372,-0.4373895533180936,-0.5147356287664836,-0.012150124298146436,-0.07734607544839,0.0,0.0,0.0,0.0,0.0,0.0,0.0,0.0,0.0,sec:heldout
ELP4,1,0.18564276914494005,0.2635251644838706,0.5446158718517919,0.6024723806593021,0.6003140223699096,0.05569815051811766,-0.0021583582893924813,7.0,11.0,15.0,8.0,11.0,16.0,8.0,11.0,18.0,sec:heldout
PDLIM4,1,0.09985027033229958,0.6115709290254657,0.6442243573516259,0.6258897070801274,0.6527423581966022,0.008518000844976337,0.026852651116474835,8.0,10.0,16.0,7.0,13.0,16.0,8.0,11.0,18.0,sec:heldout
SNRPD1,1,0.24704228938386472,0.1989994493428026,0.4462816357680637,0.3575275945687228,0.4347111319848937,-0.011570503783169983,0.0771835374161709,5.0,7.0,13.0,4.0,6.0,8.0,5.0,6.0,15.0,sec:heldout
AKIRIN1,1,0.16720306742028432,0.3047883252085582,0.4092002058170104,0.4704878875884366,0.4684583913986968,0.05925818558168644,-0.002029496189739799,6.0,10.0,13.0,6.0,9.0,14.0,6.0,10.0,15.0,sec:heldout
RFC2,1,0.30010135621730577,0.4581016486941783,0.5424898323587127,0.6048868735055221,0.5855309185823,0.043041086223587266,-0.019355954923222063,7.0,8.0,12.0,7.0,11.0,14.0,7.0,9.0,15.0,sec:heldout
ZNF491,1,-0.20101291701481772,-0.010082528207139903,-0.1951874463196812,-0.07791580853718148,-0.05765325031155485,0.13753419600812636,0.020262558225626635,0.0,0.0,2.0,0.0,2.0,6.0,0.0,1.0,1.0,sec:heldout
ISOC2,1,0.30160974809966906,0.09150424829162114,0.31932612537080757,0.27278249895474044,0.32773083292496985,0.008404707554162283,0.05494833397022941,3.0,4.0,5.0,4.0,4.0,6.0,3.0,3.0,4.0,sec:heldout
TOR3A,1,-0.2759361386320683,0.06713437695322312,0.10871786183055683,0.009937848729237274,0.014071557164508057,-0.09464630466604877,0.004133708435270783,0.0,0.0,1.0,0.0,1.0,1.0,0.0,0.0,2.0,sec:heldout
TBL3,1,0.3049462956389853,0.7388563447069281,0.6998429186476204,0.6529573447539091,0.7510069047720404,0.05116398612441997,0.09804956001813125,10.0,17.0,18.0,10.0,14.0,15.0,10.0,18.0,25.0,sec:heldout
MCM4,1,0.2488690795152364,0.5435620652023949,0.49786958079522314,0.5690359129111462,0.5537126991188561,0.05584311832363298,-0.015323213792290069,8.0,12.0,15.0,7.0,12.0,16.0,9.0,11.0,15.0,sec:heldout
PPIH,1,0.32819010919887587,0.1169214593067807,0.610422744968134,0.6772001105211145,0.626677713318092,0.016254968349957988,-0.05052239720302254,8.0,13.0,17.0,10.0,14.0,19.0,7.0,13.0,21.0,sec:heldout
YWHAB,1,-0.28406182661588586,-0.01675692384579844,-0.6388905695396823,-0.5921294050239031,-0.5488562190220185,0.09003435051766373,0.04327318600188457,0.0,0.0,0.0,0.0,0.0,2.0,0.0,0.0,1.0,sec:heldout
CALR,1,0.07146118109922493,0.3380770614522919,0.5712760270511003,0.5061069369047138,0.5725869412977654,0.0013109142466651846,0.06648000439305168,8.0,12.0,18.0,7.0,11.0,15.0,9.0,11.0,18.0,sec:heldout
NF1,1,-0.16234818462943737,0.04000883274998008,0.24516027283416023,0.2112450387283348,0.24987841160455151,0.004718138770391289,0.03863337287621671,3.0,3.0,7.0,2.0,3.0,6.0,4.0,7.0,7.0,sec:heldout
DLX2,1,0.18840685300473548,0.09003815751590645,0.3593651128962037,0.3392049839311257,0.30657082685770926,-0.05279428603849445,-0.03263415707341644,4.0,6.0,11.0,4.0,6.0,8.0,4.0,5.0,9.0,sec:heldout
GLRX2,1,-0.24734040927529913,0.08218580533809515,-0.1319061442480885,-0.16404589495244903,-0.08503825805327675,0.04686788619481175,0.07900763689917228,1.0,1.0,1.0,0.0,0.0,1.0,0.0,1.0,1.0,sec:heldout
NCOA6,1,-0.07141103906567146,0.25450948969015325,0.30068054056462973,0.30490790902147086,0.38190513241597746,0.08122459185134773,0.0769972233945066,2.0,3.0,9.0,1.0,2.0,8.0,4.0,5.0,10.0,sec:heldout
VPS8,1,-0.2559534175922244,0.12997225346848792,-0.44183633409804113,-0.4845462101329885,-0.3993633450007669,0.042472989097274205,0.08518286513222156,0.0,1.0,1.0,0.0,0.0,0.0,0.0,0.0,3.0,sec:heldout
MRPL19,1,0.14723662426843895,0.521064485398912,0.601849914896983,0.5954367341606139,0.6445365347670332,0.04268661987005018,0.049099800606419275,9.0,12.0,18.0,8.0,14.0,18.0,9.0,14.0,23.0,sec:heldout
GP1BB,1,-0.21243428050655608,0.05474938444860387,-0.15964811507815346,0.06481039358837228,-0.09275650130405551,0.06689161377409795,-0.15756689489242778,0.0,1.0,3.0,1.0,1.0,1.0,0.0,0.0,2.0,sec:heldout
C9orf16,1,0.3107590032370248,0.1366849137272127,0.3965546752740452,0.4195854214901051,0.4125947117624246,0.016040036488379428,-0.006990709727680455,5.0,7.0,8.0,6.0,6.0,7.0,4.0,7.0,11.0,sec:heldout
RINT1,1,0.2268563050833032,0.15295061262784135,0.457374622503536,0.514073803966419,0.4854182189708161,0.028043596467280107,-0.02865558499560289,3.0,7.0,14.0,5.0,9.0,16.0,3.0,7.0,17.0,sec:heldout
MRPL32,1,0.1366552075696668,0.5728631439889358,0.68792151225294,0.6748611770046554,0.7150432827110541,0.027121770458114147,0.040182105706398685,9.0,12.0,18.0,8.0,15.0,18.0,9.0,14.0,21.0,sec:heldout
POGK,1,0.149960342614267,-0.029610886118808227,0.19492360904495196,0.023257880858598822,0.09233853842003083,-0.10258507062492113,0.069080657561432,0.0,1.0,4.0,1.0,2.0,3.0,0.0,0.0,1.0,sec:heldout
ZNF335,1,0.20241104868834156,0.24753217124689794,0.2406015127717992,0.26197072116131753,0.31827917130389505,0.07767765853209585,0.056308450142577515,2.0,3.0,6.0,3.0,4.0,7.0,2.0,4.0,12.0,sec:heldout
PPP1R2,1,0.1402636472083954,0.37362065441888664,0.18364276954079986,0.3092718302743647,0.2239759273548947,0.04033315781409483,-0.08529590291947003,0.0,3.0,7.0,2.0,4.0,11.0,0.0,3.0,14.0,sec:heldout
RFX6,1,-0.21031536223579958,0.07054051711551342,-0.04692783465625786,0.06999923583847449,0.08834641883655751,0.13527425349281538,0.018347182998083023,0.0,3.0,5.0,0.0,1.0,3.0,0.0,0.0,2.0,sec:heldout
MAN1A2,1,0.2923068949247632,0.09618728640099816,0.4765856762055063,0.3978827506290856,0.4674220842228444,-0.009163591982661867,0.0695393335937588,7.0,10.0,17.0,5.0,9.0,16.0,7.0,10.0,16.0,sec:heldout
DDX3X,1,0.39822393676599527,0.26348313037355614,0.17934879802666093,0.4020545369006334,0.24674412634494172,0.0673953283182808,-0.1553104105556917,2.0,3.0,5.0,4.0,8.0,12.0,2.0,6.0,10.0,sec:heldout
POLR1A,1,0.33479158582034096,0.5558766151514375,0.576028518107594,0.47300384356915864,0.6111825129088252,0.03515399480123116,0.13817866933966655,10.0,15.0,16.0,8.0,13.0,14.0,9.0,15.0,25.0,sec:heldout
ABCC1,1,0.16769756739917593,-0.032654813902845435,0.19186794846578262,0.14087091688465378,0.2239217588492062,0.03205381038342359,0.08305084196455242,3.0,6.0,10.0,3.0,5.0,8.0,2.0,3.0,7.0,sec:heldout
POLR2M,1,0.2599564293187377,0.23587253170341452,0.31207454501688264,0.3271423940358278,0.35771152754152147,0.045636982524638825,0.03056913350569368,5.0,7.0,8.0,4.0,6.0,7.0,5.0,8.0,15.0,sec:heldout
CHMP1A,1,0.11540600390418865,0.1561768281264726,0.22320230166478502,0.31647132403936,0.342742856923621,0.11954055525883597,0.026271532884260984,2.0,4.0,5.0,3.0,4.0,5.0,3.0,4.0,9.0,sec:heldout
PEX1,1,0.2936455804618441,0.059464243842595,0.4369045321131007,0.49023100421528665,0.46711380950163545,0.03020927738853474,-0.0231171947136512,4.0,4.0,7.0,6.0,7.0,10.0,4.0,6.0,11.0,sec:heldout
EIF3F,1,0.3363608306389168,0.237698752388774,0.3931128921446209,0.5251604554086575,0.4479763971585849,0.054863505013963976,-0.07718405825007263,2.0,4.0,7.0,5.0,7.0,12.0,3.0,5.0,9.0,sec:heldout
COPS2,1,0.30237743902226427,0.18707572140888243,0.433412674752097,0.5015265337539168,0.46957714232297326,0.03616446757087627,-0.0319493914309435,4.0,9.0,13.0,5.0,9.0,11.0,4.0,7.0,14.0,sec:heldout
BZW1,1,-0.44408522921480936,-0.036474641163172526,-0.17903436072468173,-0.02409143580156103,-0.18254260592183713,-0.0035082451971553963,-0.1584511701202761,0.0,0.0,1.0,0.0,2.0,4.0,0.0,1.0,1.0,sec:heldout
EXOC5,1,0.18009489251858324,-0.004577567345058271,0.09764919795055793,0.37686492452074694,0.10323099255656622,0.005581794606008286,-0.27363393196418073,3.0,4.0,6.0,3.0,6.0,11.0,3.0,3.0,8.0,sec:heldout
ALKBH4,1,-0.30182428900263064,0.20851282419482278,0.021444626017958754,0.008771498959504267,0.14036660468609924,0.11892197866814049,0.13159510572659497,0.0,0.0,0.0,0.0,0.0,0.0,0.0,1.0,2.0,sec:heldout
RAB10,1,-0.509655592850841,-0.019479524262323463,-0.39168692623991724,0.15563287294442021,-0.3304829404929979,0.06120398574691932,-0.48611581343741816,0.0,0.0,1.0,1.0,2.0,4.0,0.0,1.0,1.0,sec:heldout
HCFC1,1,0.19687264136445573,0.08181386463187308,0.19672529929849003,0.3505111775609368,0.23442306766510623,0.0376977683666162,-0.11608810989583057,1.0,3.0,5.0,5.0,7.0,9.0,3.0,4.0,11.0,sec:heldout
RPRD1B,1,0.28022995953684277,0.033988293734960075,0.2479816684666766,0.3285947913074686,0.2776821940023992,0.029700525535722583,-0.05091259730506942,3.0,4.0,9.0,3.0,6.0,9.0,4.0,5.0,10.0,sec:heldout
MAX,1,0.25648766359508063,0.3400244779285549,0.39198684096580555,0.5112596646414577,0.48118040479928065,0.0891935638334751,-0.03007925984217702,5.0,7.0,9.0,6.0,12.0,13.0,5.0,9.0,12.0,sec:heldout
COX15,1,0.3198732526680819,0.03834038602073692,0.5651530322497218,0.5643181423439733,0.5884509338724143,0.02329790162269252,0.024132791528441055,5.0,9.0,12.0,5.0,7.0,10.0,5.0,9.0,16.0,sec:heldout
HMGA1,1,-0.10306631632613156,0.009277091807999727,-0.10249656246336625,-0.17402166518926446,-0.08765421581205611,0.014842346651310137,0.08636744937720835,0.0,1.0,1.0,1.0,1.0,1.0,0.0,0.0,1.0,sec:heldout
FCGRT,1,0.10206681256965332,0.28643575092236007,0.4287143717809095,0.43625966554040096,0.4536586325964335,0.024944260815524033,0.017398967056032555,4.0,5.0,9.0,5.0,8.0,11.0,6.0,7.0,12.0,sec:heldout
RPS12,1,0.21856749649430798,0.6536841485143648,0.6366635897938883,0.5381072154626959,0.7301634471709031,0.09349985737701483,0.19205623170820718,10.0,16.0,18.0,8.0,14.0,15.0,10.0,18.0,25.0,sec:heldout
USPL1,1,0.24787435945530442,0.24870280916626977,0.4778022607881816,0.39660720425209806,0.5238215518274,0.04601929103921837,0.12721434757530192,6.0,11.0,13.0,5.0,8.0,9.0,7.0,11.0,17.0,sec:heldout
IPO5,1,0.07960845620536833,-0.0014834773887303944,0.22796229888806563,0.09079426287964358,0.0762905400221455,-0.15167175886592013,-0.014503722857498083,2.0,3.0,4.0,1.0,1.0,4.0,0.0,1.0,1.0,sec:heldout
CENPK,1,0.36600349731790893,0.10888482499923961,0.38146950848084077,0.4751770403879996,0.40147055735897963,0.02000104887813886,-0.07370648302902,3.0,7.0,9.0,4.0,8.0,13.0,3.0,6.0,14.0,sec:heldout
EP400,1,0.2453317132781505,0.21922433937218352,0.441862567747867,0.5199029018910215,0.5147088095328113,0.07284624178494431,-0.005194092358210223,7.0,10.0,14.0,8.0,13.0,16.0,8.0,11.0,13.0,sec:heldout
MCRS1,1,-0.12980054421202383,0.021277921712355364,0.5323459243512576,0.5038193036668422,0.5355444657697724,0.003198541418514833,0.03172516210293019,7.0,10.0,17.0,5.0,11.0,15.0,6.0,11.0,16.0,sec:heldout
ETFA,1,-0.10983238673421436,0.5088652720098402,0.26308901298027987,0.5071439048613008,0.5456953475910834,0.28260633461080353,0.038551442729782615,3.0,7.0,11.0,6.0,7.0,14.0,6.0,11.0,15.0,sec:heldout
RBM14-RBM4,1,0.34421204960308366,0.052836053697872996,0.46692821297902354,0.5325551869652322,0.5135144804362822,0.04658626745725869,-0.019040706528949958,5.0,8.0,10.0,6.0,10.0,12.0,6.0,9.0,17.0,sec:heldout
CNOT4,1,-0.0300496339441861,-0.010753058750219202,-0.09786042117309747,0.12289725345011832,-0.053416257398270134,0.044444163774827336,-0.17631351084838845,1.0,1.0,1.0,1.0,2.0,3.0,0.0,0.0,2.0,sec:heldout
TUBA1C,1,0.21712309562330814,-0.1820780323713972,-0.10878576409536332,-0.08531650628453763,-0.15094557306041054,-0.042159808965047216,-0.06562906677587291,0.0,0.0,0.0,0.0,1.0,1.0,0.0,1.0,1.0,sec:heldout
AMPD3,1,-0.4255778844930058,0.1296839288750121,-0.09933069562256595,0.11880215263936977,0.13328130698432644,0.2326120026068924,0.014479154344956668,0.0,0.0,1.0,1.0,3.0,3.0,2.0,3.0,4.0,sec:heldout
SOD1,1,-0.09118914161297809,0.06385598002869826,-0.006838490774351958,-0.009865031435698458,0.0668151074877604,0.07365359826211236,0.07668013892345886,1.0,2.0,4.0,2.0,2.0,3.0,2.0,2.0,6.0,sec:heldout
SFXN1,1,0.06495497479850319,0.08517154696500667,0.26859233710373015,0.5038929483303604,0.2479333863063423,-0.02065895079738786,-0.25595956202401804,1.0,4.0,10.0,4.0,8.0,13.0,1.0,5.0,10.0,sec:heldout
SUZ12,1,-0.07177040216465505,0.1333198060143232,-0.1855087183918119,0.11512378811094796,-0.024180366380032955,0.16132835201177895,-0.1393041544909809,0.0,2.0,3.0,3.0,5.0,8.0,0.0,2.0,7.0,sec:heldout
CNOT3,1,0.4372525119430286,0.2116531153776685,0.44241569595802027,0.4588403238554533,0.5540464091817922,0.11163071322377188,0.09520608532633884,5.0,8.0,8.0,4.0,8.0,9.0,6.0,10.0,13.0,sec:heldout
ZNF786,1,0.103883980300513,0.3309273419415459,0.32134398801547653,0.32810167276246155,0.38156105475526925,0.06021706673979271,0.0534593819928077,2.0,3.0,5.0,4.0,5.0,7.0,2.0,4.0,8.0,sec:heldout
UTP11,1,0.2394570483470414,0.6827622437544827,0.6452001114824353,0.5408252374523361,0.7393328490502195,0.09413273756778417,0.19850761159788333,10.0,16.0,18.0,8.0,12.0,13.0,10.0,19.0,25.0,sec:heldout
SRF,1,-0.5626735119911255,0.14231992510200672,-0.3318381832991673,-0.3147626932976943,0.08418101322619187,0.4160191965253592,0.39894370652388617,0.0,0.0,3.0,0.0,0.0,0.0,1.0,2.0,2.0,sec:heldout
ZFP36L2,1,-0.026963484686315136,-0.01736909075388125,0.38251997830984136,0.05509811319627083,0.38372585548401744,0.0012058771741760843,0.3286277422877466,4.0,6.0,10.0,2.0,2.0,2.0,3.0,5.0,9.0,sec:heldout
DNAJC19,1,0.3073348722507461,0.4195538263137004,0.5102704003528918,0.584966144508012,0.5529280896181527,0.04265768926526081,-0.032038054889859335,5.0,8.0,12.0,7.0,8.0,11.0,6.0,9.0,20.0,sec:heldout
ZNF704,1,0.27525659339896086,-0.029164072389274622,0.39771967713838485,0.3221415422871151,0.40641423715472397,0.008694560016339115,0.08427269486760885,6.0,6.0,9.0,6.0,6.0,8.0,6.0,7.0,9.0,sec:heldout
SRRM2,1,0.3283671747412928,-0.029597083989384838,0.32629510612217705,0.42048003088542174,0.3807002850106511,0.05440517888847407,-0.03977974587477062,3.0,7.0,10.0,5.0,8.0,10.0,4.0,9.0,19.0,sec:heldout
DTYMK,1,0.1848110288712589,0.5652493067682739,0.5880688786054106,0.616473447314747,0.5915396191243288,0.0034707405189182694,-0.024933828190418117,9.0,9.0,16.0,9.0,12.0,14.0,9.0,12.0,17.0,sec:heldout
COPRS,1,0.1980285572041561,0.07044875328278026,0.03794932553169663,0.2210088292212804,0.35338513215158024,0.31543580661988363,0.13237630293029984,1.0,2.0,4.0,4.0,6.0,7.0,4.0,8.0,14.0,sec:heldout
APIP,1,-0.7886562521563084,0.08666587285536342,0.22362890329787555,0.23633408604914072,-0.1952207471364343,-0.4188496504343099,-0.431554833185575,3.0,6.0,7.0,2.0,4.0,8.0,1.0,2.0,4.0,sec:heldout
COPS8,1,0.23058564455498357,0.1314048099901014,0.49135247747797,0.48641208113749906,0.5216550634463903,0.030302585968420337,0.03524298230889128,4.0,8.0,11.0,4.0,8.0,11.0,5.0,7.0,13.0,sec:heldout
SPHK1,1,-0.2577040057795028,0.012409513814978434,0.1848353659171668,0.26916161297448804,0.05601593273850706,-0.12881943317865974,-0.213145680235981,2.0,5.0,7.0,1.0,5.0,6.0,2.0,2.0,5.0,sec:heldout
UQCRB,1,0.24218429597546032,0.3056758651484183,0.6181839942790613,0.6050461523047342,0.6216157164330112,0.0034317221539498233,0.016569564128276926,6.0,9.0,14.0,6.0,10.0,16.0,6.0,9.0,14.0,sec:heldout
MAP7D3,1,0.11432397742976651,-0.010151880929730525,0.12889213258744772,0.19904989137098603,0.06844568575975025,-0.06044644682769747,-0.13060420561123576,0.0,0.0,2.0,0.0,0.0,3.0,0.0,0.0,0.0,sec:heldout
RNMT,1,0.22746131953208923,0.13311466559471805,0.4981919774829405,0.45254472320515954,0.591014283171577,0.09282230568863653,0.13846955996641747,8.0,11.0,12.0,6.0,9.0,10.0,9.0,14.0,21.0,sec:heldout
NACA,1,0.46382922615144945,0.04312783644201431,0.4585207769643163,0.5072856169584837,0.4768636304308034,0.018342853466487063,-0.030421986527680356,5.0,7.0,9.0,6.0,8.0,10.0,5.0,6.0,13.0,sec:heldout
YPEL5,1,-0.0015843645197493501,0.17944454137585164,-0.009864572334261247,0.12125975879384843,0.06349929592092635,0.07336386825518759,-0.05776046287292208,1.0,2.0,2.0,2.0,2.0,4.0,2.0,2.0,5.0,sec:heldout
TBPL1,1,0.02600989605153968,-0.06346770508264855,0.2717663279054113,0.3858256366044747,0.29024443303833847,0.01847810513292719,-0.09558120356613625,2.0,6.0,9.0,3.0,6.0,9.0,2.0,6.0,10.0,sec:heldout
PEBP1,1,0.2968656653832553,-0.0786823707767094,0.031378951835378394,-0.038293749871849095,-0.051696092852746574,-0.08307504468812496,-0.013402342980897479,0.0,1.0,3.0,1.0,2.0,4.0,0.0,0.0,1.0,sec:heldout
GIGYF2,1,0.19450726032787458,0.02885342079372163,-0.02135842970201522,-0.03307655142564387,-0.02354865257449885,-0.0021902228724836326,0.009527898851145019,0.0,0.0,2.0,0.0,1.0,4.0,0.0,0.0,2.0,sec:heldout
SHC1,1,0.21688262413485185,0.20005375925921495,0.3470852678718141,0.4353123023047191,0.45053248242988814,0.10344721455807404,0.015220180125169014,4.0,7.0,12.0,6.0,10.0,15.0,5.0,9.0,17.0,sec:heldout
ETF1,1,0.332360324676277,0.45929754590805444,0.5623228350207407,0.6228395077566166,0.5797829566792659,0.017460121658525285,-0.043056551077350624,6.0,9.0,14.0,7.0,9.0,11.0,5.0,9.0,20.0,sec:heldout
OGFOD1,1,0.4550945673271321,0.12014670186061009,0.3967357935158138,0.45707665323705804,0.48580425368727487,0.08906846017146108,0.028727600450216828,4.0,7.0,9.0,7.0,9.0,12.0,5.0,8.0,17.0,sec:heldout
PGBD1,1,-0.07907123318174013,0.04498414488217097,-0.040751486435564636,0.05249609963729579,0.009403544879624451,0.050155031315189086,-0.04309255475767134,0.0,1.0,2.0,1.0,1.0,3.0,0.0,1.0,2.0,sec:heldout
MCM3,1,0.22399729300710866,0.5602239361232336,0.595278094381726,0.6017896921776039,0.647533817893937,0.05225572351221108,0.04574412571633313,7.0,9.0,12.0,7.0,12.0,13.0,7.0,10.0,17.0,sec:heldout
BNIP1,1,0.29048463099192307,0.16119831507111473,0.5196615302529576,0.6058718599565098,0.551463193525685,0.031801663272727376,-0.05440866643082487,4.0,10.0,14.0,6.0,12.0,15.0,4.0,11.0,20.0,sec:heldout
PRR12,1,-0.38969531349660325,0.0062745893001882845,0.08139811348429175,0.050602845847179494,0.06836743241421543,-0.013030681070076322,0.017764586567035938,0.0,1.0,1.0,1.0,1.0,1.0,0.0,0.0,2.0,sec:heldout
TRMT5,1,0.19047185201267738,0.43539415643463975,0.5978476494812618,0.6675748309231663,0.6174237543640261,0.01957610488276429,-0.050151076559140195,7.0,12.0,19.0,10.0,13.0,18.0,7.0,13.0,22.0,sec:heldout
EID1,1,0.2094816080704555,0.04850357488298276,-0.0399790635527798,0.056795985873839945,0.019495026509076693,0.0594740900618565,-0.037300959364763256,0.0,1.0,3.0,1.0,1.0,5.0,0.0,1.0,3.0,sec:heldout
NT5M,1,-0.0467330890471686,-0.04878422371741605,0.04407158669602878,-0.03416956550232284,-0.017314297825424377,-0.06138588452145316,0.016855267676898465,0.0,0.0,3.0,0.0,0.0,0.0,0.0,0.0,0.0,sec:heldout
TFDP1,1,0.053459509196657595,0.34113238191609013,0.48341909588501997,0.4852174899872215,0.5893966003286627,0.10597750444364273,0.10417911034144123,8.0,9.0,15.0,6.0,9.0,13.0,9.0,11.0,17.0,sec:heldout
CDCA2,1,-0.638938700981511,0.06499790234681602,-0.5532319748711179,-0.6347722750920767,-0.5226041661193617,0.03062780875175619,0.11216810897271501,0.0,1.0,2.0,0.0,0.0,1.0,0.0,1.0,1.0,sec:heldout
APC,1,-0.5513554886507962,0.1939237434852907,-0.3177381283386319,-0.20434536727526798,-0.3293822458742585,-0.011644117535626608,-0.12503687859899054,0.0,0.0,0.0,0.0,0.0,0.0,0.0,0.0,2.0,sec:heldout
WDR5,1,0.3855649489069904,0.12088798082176633,0.48312128795298737,0.44811179187739514,0.5007574427232003,0.017636154770212964,0.05264565084580519,6.0,10.0,11.0,5.0,9.0,10.0,6.0,9.0,13.0,sec:heldout
PDCD10,1,0.01465661560603944,0.028940510574705716,-0.09108459837415343,0.045258714547516316,0.03252241253955029,0.12360701091370371,-0.012736302007966029,0.0,0.0,2.0,1.0,2.0,3.0,0.0,0.0,1.0,sec:heldout
USP21,1,0.14904383027160506,0.003976895920810614,0.3598139620940259,0.22320430177013337,0.27729433288155875,-0.08251962921246714,0.05409003111142538,6.0,7.0,8.0,3.0,5.0,9.0,5.0,6.0,8.0,sec:heldout
ATP6V1F,1,0.07794669746511328,0.17495580923227105,0.30170453253364865,0.40364869267355336,0.31264161879657376,0.010937086262925111,-0.0910070738769796,3.0,5.0,12.0,5.0,9.0,10.0,3.0,6.0,14.0,sec:heldout
RBM7,1,0.1063691632540592,0.02007600807355659,0.017296452646963275,-0.007882260540004368,0.05987559142142442,0.04257913877446115,0.06775785196142879,1.0,2.0,3.0,1.0,2.0,3.0,2.0,3.0,4.0,sec:heldout
C19orf53,1,-0.3034978072386905,0.07892235900849674,0.285935078641294,0.27134437296856223,0.2854753026203482,-0.0004597760209458235,0.014130929651785973,3.0,3.0,5.0,1.0,2.0,6.0,2.0,3.0,6.0,sec:heldout
EMC8,1,-0.26876835170974117,0.11069892465996493,0.18151261661744922,0.13665522724156642,0.1350150607703619,-0.04649755584708731,-0.0016401664712045183,1.0,2.0,6.0,2.0,2.0,3.0,0.0,1.0,3.0,sec:heldout
CBFB,1,-0.0928786450762219,-0.031662661477218045,-0.048793608065336634,-0.09151346383989796,-0.0071130377759502,0.04168057028938643,0.08440042606394776,1.0,1.0,1.0,0.0,0.0,1.0,0.0,1.0,1.0,sec:heldout
YWHAE,1,-0.673947742849604,0.03945544055809267,0.18581950912649756,0.04464113493042086,0.2750587127336866,0.08923920360718904,0.23041757780326574,1.0,2.0,3.0,0.0,0.0,2.0,1.0,3.0,4.0,sec:heldout
PAM16,1,0.31411456809183913,0.5193892153607752,0.5287450369664158,0.6025866999331563,0.5843593507345112,0.055614313768095336,-0.018227349198645104,6.0,8.0,12.0,7.0,8.0,11.0,6.0,10.0,19.0,sec:heldout
HNRNPAB,1,0.013071092580644436,0.07001525489201592,0.0774002728050899,-0.06220771495594559,0.10835372436833207,0.030953451563242168,0.17056143932427767,2.0,2.0,4.0,1.0,3.0,4.0,1.0,2.0,4.0,sec:heldout
HOMER3,1,-0.26706511813279893,0.07192538214441163,0.40757093759361657,0.009475824934518809,0.4490082886573217,0.04143735106370511,0.43953246372280286,6.0,8.0,10.0,1.0,1.0,1.0,6.0,10.0,13.0,sec:heldout
RRP12,1,0.27242484255585026,0.7310671187899613,0.6687485298223977,0.5562334589429749,0.7440711149312449,0.07532258510884715,0.18783765598826996,10.0,17.0,18.0,8.0,14.0,15.0,10.0,19.0,26.0,sec:heldout
INTS12,1,-0.004815448091622603,0.0203062810406942,0.3257243174347796,0.36501386718972456,0.2678430150996934,-0.057881302335086204,-0.09717085209003118,3.0,7.0,14.0,4.0,7.0,16.0,2.0,7.0,13.0,sec:heldout
TOMM7,1,0.2711729510692927,-0.005238899369355386,0.05218522062578799,0.18456438040518322,0.04800446913896605,-0.00418075148682194,-0.13655991126621717,1.0,1.0,4.0,1.0,1.0,3.0,2.0,2.0,4.0,sec:heldout
MAP3K2,1,-0.09671482182733988,0.04432518985877625,0.3557149354319007,-0.011196163365315467,0.43391680124924425,0.07820186581734356,0.44511296461455974,3.0,3.0,10.0,1.0,1.0,5.0,3.0,7.0,10.0,sec:heldout
THAP2,1,0.13208384054005218,0.011911623629131783,0.17326615395579806,0.44677811577211773,0.10361584886233137,-0.06965030509346669,-0.34316226690978635,1.0,2.0,6.0,5.0,9.0,14.0,1.0,2.0,5.0,sec:heldout
CLOCK,1,-0.1544216732855072,0.0254605098191131,0.15467533466040542,0.15722481038945524,0.15640551460290877,0.0017301799425033515,-0.0008192957865464645,2.0,5.0,7.0,0.0,3.0,7.0,2.0,4.0,8.0,sec:heldout
SIPA1,1,-0.13064643212739166,0.030454490960928244,0.028187792655583802,-0.03201806827402917,-0.024549415766206294,-0.0527372084217901,0.007468652507822877,0.0,1.0,2.0,0.0,0.0,1.0,0.0,1.0,4.0,sec:heldout
